[
    {
        "id": "f8eca6b27e7d272a",
        "type": "tab",
        "label": "Web Conn Destination Flow",
        "disabled": false,
        "info": "",
        "env": []
    },
    {
        "id": "b31dd41d61a9a672",
        "type": "http response",
        "z": "f8eca6b27e7d272a",
        "name": "",
        "statusCode": "",
        "headers": {},
        "x": 570,
        "y": 180,
        "wires": []
    },
    {
        "id": "0da016432ca80d22",
        "type": "http in",
        "z": "f8eca6b27e7d272a",
        "name": "",
        "url": "/webconn",
        "method": "put",
        "upload": false,
        "swaggerDoc": "",
        "x": 110,
        "y": 180,
        "wires": [
            [
                "b31dd41d61a9a672",
                "7598c22c5f4162fc",
                "f78fab03275bc6d1"
            ]
        ]
    },
    {
        "id": "7598c22c5f4162fc",
        "type": "function",
        "z": "f8eca6b27e7d272a",
        "name": "Convert DPs to individual DP",
        "func": "// breaks DPs into separate outputs\nvar dps;\nvar msg1 = null;\nvar msg2 = null;\nif(!msg.payload.hasOwnProperty('dps')) \n    return null;\ndps = JSON.parse(msg.payload.dps);\n//node.warn(\"dps.length: \" + dps.length);\nfor(i=0; i < dps.length; i++) \n{\n    //node.warn(\"dps[i].dp: \" + dps[i].dp);\n    //node.warn(\"dps[i].value: \" + JSON.stringify(dps[i].value));\n    if(dps[i].dp === \"nvoLightLevel\") {\n        msg1 = {};\n        msg1.topic = dps[i].dp;\n        msg1.payload = {};\n        //msg1.payload.topic = dps[i].dp;\n        msg1.payload.data = dps[i].value;\n    }\n    else if(dps[i].dp === \"nvoLampFb\") {\n        msg2 = {};\n        msg2.topic = dps[i].dp;\n        msg2.payload = {};\n        //msg2.payload.topic = dps[i].dp;\n        msg2.payload.data = dps[i].value;\n    }\n}\nif((msg1 !== null) || (msg2 !== null)) {\n    return [msg1, msg2];\n}\n\n\n",
        "outputs": 2,
        "noerr": 0,
        "initialize": "",
        "finalize": "",
        "libs": [],
        "x": 380,
        "y": 280,
        "wires": [
            [
                "3edf32024e5fa007"
            ],
            [
                "df904fe7b27205c6"
            ]
        ],
        "outputLabels": [
            "nvoLuxLevel",
            "nvoLamp2"
        ]
    },
    {
        "id": "3edf32024e5fa007",
        "type": "iap-output",
        "z": "f8eca6b27e7d272a",
        "name": "PulseGen-1.niCount",
        "reconnect": 5,
        "topic": "glp/+/+/ev/data",
        "qos": "2",
        "datatype": "auto",
        "broker": "407a01e4.6b637",
        "throttle": 2,
        "fixed": true,
        "resolved": false,
        "sflow": false,
        "selectedctx": "[]",
        "selecteddp": "[{\"name\":\"nviCount\",\"type\":\"SNVT_count\",\"deviceId\":3,\"deviceName\":\"PulseGen-1\",\"blockName\":\"device\",\"blockIndex\":0,\"dpQualifier\":\"17qehie/lon/33/device/0/nviCount\",\"dpQualifier2\":\"SmartServer IoT/lon/PulseGen-1/device/0/nviCount\",\"datapointName\":\"nviCount\",\"datapointType\":\"SNVT_count\",\"deviceType\":219,\"device\":{\"name\":\"PulseGen-1\",\"category\":\"EDGE\",\"id\":3,\"latitude\":\"NaN\",\"longitude\":\"NaN\",\"capabilities\":{\"replacement\":{},\"commissioning\":{\"commissionMethod\":\"MANUAL\"}},\"floorCoordinates\":{\"floorPlanId\":2236,\"floorId\":2237,\"zoneIds\":[2240],\"x\":284,\"y\":279},\"groupName\":[],\"status\":{\"state\":\"provisioned\",\"health\":\"normal\",\"connection\":\"connected\",\"connectionStatusSince\":\"2022-03-15T08:06:30.28-07:00[America/Los_Angeles]\",\"action\":null,\"product\":\"pulseGen\",\"wasProvisioned\":true,\"createdOnGlp\":true},\"additionalDeviceInfo\":{\"domain\":{\"0\":{\"nodeId\":7,\"subnet\":5,\"domainId\":\"A5\",\"domainLength\":1}},\"channelId\":3,\"UseExtendedCommandSet\":\"false\"},\"mru\":\"2022-05-31T06:58:31.007527-07:00[America/Los_Angeles]\",\"contexts\":[12],\"scName\":\"SmartServer IoT\",\"segmentPK\":1,\"scId\":\"17qehie\",\"scState\":\"provisioned\",\"uid\":\"00D07110024A\",\"protocol\":\"lon\",\"typeId\":219,\"createdOnGlp\":true,\"deviceTypeName\":\"pulseGen\",\"gpsEnabled\":false,\"installationDate\":\"2022-02-25\",\"DID\":\"33\"},\"topic\":\"glp/0/17qehie/rq/dev/lon/33/if/device/0\",\"payload\":{\"nviCount\":{\"value\":0},\"device\":{\"name\":\"PulseGen-1\",\"category\":\"EDGE\",\"id\":3,\"latitude\":\"NaN\",\"longitude\":\"NaN\",\"capabilities\":{\"replacement\":{},\"commissioning\":{\"commissionMethod\":\"MANUAL\"}},\"floorCoordinates\":{\"floorPlanId\":2236,\"floorId\":2237,\"zoneIds\":[2240],\"x\":284,\"y\":279},\"groupName\":[],\"status\":{\"state\":\"provisioned\",\"health\":\"normal\",\"connection\":\"connected\",\"connectionStatusSince\":\"2022-03-15T08:06:30.28-07:00[America/Los_Angeles]\",\"action\":null,\"product\":\"pulseGen\",\"wasProvisioned\":true,\"createdOnGlp\":true},\"additionalDeviceInfo\":{\"domain\":{\"0\":{\"nodeId\":7,\"subnet\":5,\"domainId\":\"A5\",\"domainLength\":1}},\"channelId\":3,\"UseExtendedCommandSet\":\"false\"},\"mru\":\"2022-05-31T06:58:31.007527-07:00[America/Los_Angeles]\",\"contexts\":[12],\"scName\":\"SmartServer IoT\",\"segmentPK\":1,\"scId\":\"17qehie\",\"scState\":\"provisioned\",\"uid\":\"00D07110024A\",\"protocol\":\"lon\",\"typeId\":219,\"createdOnGlp\":true,\"deviceTypeName\":\"pulseGen\",\"gpsEnabled\":false,\"installationDate\":\"2022-02-25\",\"DID\":\"33\"},\"deviceName\":\"PulseGen-1\",\"context\":{\"id\":12,\"name\":\"Campus / Building / Floor1 / Entry\",\"description\":null,\"image\":null,\"parentId\":9,\"enabled\":true,\"contextType\":\"ROOM\"}}}]",
        "ctxd": "[]",
        "nodeConfig": "{\"PROTOCOL_ELEMENT\":0,\"DATAPOINT_TYPE_ELEMENT\":0,\"DEVICE_ELEMENT\":0,\"DEVICE_TYPE_ELEMENT\":0,\"CONTEXT_ELEMENT\":0,\"CONTEXT_TYPE_ELEMENT\":0,\"BLOCK_NAME_ELEMENT\":0,\"BLOCK_INDEX_ELEMENT\":0,\"DATAPOINT_NAME_ELEMENT\":\"\",\"VIEW_ALL_DP_FLAG\":{\"checked\":true}}",
        "x": 740,
        "y": 240,
        "wires": []
    },
    {
        "id": "df904fe7b27205c6",
        "type": "iap-output",
        "z": "f8eca6b27e7d272a",
        "name": "PulseGen-1.nviLamp1",
        "reconnect": 5,
        "topic": "glp/+/+/ev/data",
        "qos": "2",
        "datatype": "auto",
        "broker": "407a01e4.6b637",
        "throttle": 2,
        "fixed": true,
        "resolved": false,
        "sflow": false,
        "selectedctx": "[]",
        "selecteddp": "[{\"name\":\"nviLamp1\",\"type\":\"SNVT_switch\",\"deviceId\":3,\"deviceName\":\"PulseGen-1\",\"blockName\":\"device\",\"blockIndex\":0,\"dpQualifier\":\"17qehie/lon/33/device/0/nviLamp1\",\"dpQualifier2\":\"SmartServer IoT/lon/PulseGen-1/device/0/nviLamp1\",\"datapointName\":\"nviLamp1\",\"datapointType\":\"SNVT_switch\",\"deviceType\":219,\"device\":{\"name\":\"PulseGen-1\",\"category\":\"EDGE\",\"id\":3,\"latitude\":\"NaN\",\"longitude\":\"NaN\",\"capabilities\":{\"replacement\":{},\"commissioning\":{\"commissionMethod\":\"MANUAL\"}},\"floorCoordinates\":{\"floorPlanId\":2236,\"floorId\":2237,\"zoneIds\":[2240],\"x\":284,\"y\":279},\"groupName\":[],\"status\":{\"state\":\"provisioned\",\"health\":\"normal\",\"connection\":\"connected\",\"connectionStatusSince\":\"2022-03-15T08:06:30.28-07:00[America/Los_Angeles]\",\"action\":null,\"product\":\"pulseGen\",\"wasProvisioned\":true,\"createdOnGlp\":true},\"additionalDeviceInfo\":{\"domain\":{\"0\":{\"nodeId\":7,\"subnet\":5,\"domainId\":\"A5\",\"domainLength\":1}},\"channelId\":3,\"UseExtendedCommandSet\":\"false\"},\"mru\":\"2022-05-31T06:58:31.007527-07:00[America/Los_Angeles]\",\"contexts\":[12],\"scName\":\"SmartServer IoT\",\"segmentPK\":1,\"scId\":\"17qehie\",\"scState\":\"provisioned\",\"uid\":\"00D07110024A\",\"protocol\":\"lon\",\"typeId\":219,\"createdOnGlp\":true,\"deviceTypeName\":\"pulseGen\",\"gpsEnabled\":false,\"installationDate\":\"2022-02-25\",\"DID\":\"33\"},\"topic\":\"glp/0/17qehie/rq/dev/lon/33/if/device/0\",\"payload\":{\"nviLamp1\":{\"value\":0},\"device\":{\"name\":\"PulseGen-1\",\"category\":\"EDGE\",\"id\":3,\"latitude\":\"NaN\",\"longitude\":\"NaN\",\"capabilities\":{\"replacement\":{},\"commissioning\":{\"commissionMethod\":\"MANUAL\"}},\"floorCoordinates\":{\"floorPlanId\":2236,\"floorId\":2237,\"zoneIds\":[2240],\"x\":284,\"y\":279},\"groupName\":[],\"status\":{\"state\":\"provisioned\",\"health\":\"normal\",\"connection\":\"connected\",\"connectionStatusSince\":\"2022-03-15T08:06:30.28-07:00[America/Los_Angeles]\",\"action\":null,\"product\":\"pulseGen\",\"wasProvisioned\":true,\"createdOnGlp\":true},\"additionalDeviceInfo\":{\"domain\":{\"0\":{\"nodeId\":7,\"subnet\":5,\"domainId\":\"A5\",\"domainLength\":1}},\"channelId\":3,\"UseExtendedCommandSet\":\"false\"},\"mru\":\"2022-05-31T06:58:31.007527-07:00[America/Los_Angeles]\",\"contexts\":[12],\"scName\":\"SmartServer IoT\",\"segmentPK\":1,\"scId\":\"17qehie\",\"scState\":\"provisioned\",\"uid\":\"00D07110024A\",\"protocol\":\"lon\",\"typeId\":219,\"createdOnGlp\":true,\"deviceTypeName\":\"pulseGen\",\"gpsEnabled\":false,\"installationDate\":\"2022-02-25\",\"DID\":\"33\"},\"deviceName\":\"PulseGen-1\",\"context\":{\"id\":12,\"name\":\"Campus / Building / Floor1 / Entry\",\"description\":null,\"image\":null,\"parentId\":9,\"enabled\":true,\"contextType\":\"ROOM\"}}}]",
        "ctxd": "[]",
        "nodeConfig": "{\"PROTOCOL_ELEMENT\":0,\"DATAPOINT_TYPE_ELEMENT\":0,\"DEVICE_ELEMENT\":0,\"DEVICE_TYPE_ELEMENT\":0,\"CONTEXT_ELEMENT\":0,\"CONTEXT_TYPE_ELEMENT\":0,\"BLOCK_NAME_ELEMENT\":0,\"BLOCK_INDEX_ELEMENT\":0,\"DATAPOINT_NAME_ELEMENT\":\"lamp\",\"VIEW_ALL_DP_FLAG\":{\"checked\":true}}",
        "x": 740,
        "y": 300,
        "wires": []
    },
    {
        "id": "f78fab03275bc6d1",
        "type": "debug",
        "z": "f8eca6b27e7d272a",
        "name": "",
        "active": false,
        "tosidebar": true,
        "console": false,
        "tostatus": false,
        "complete": "false",
        "statusVal": "",
        "statusType": "auto",
        "x": 370,
        "y": 120,
        "wires": []
    },
    {
        "id": "407a01e4.6b637",
        "type": "mqtt-broker",
        "name": "",
        "broker": "127.0.0.1",
        "port": "1883",
        "clientid": "",
        "autoConnect": true,
        "usetls": false,
        "protocolVersion": "4",
        "keepalive": "60",
        "cleansession": true,
        "birthTopic": "",
        "birthQos": "0",
        "birthPayload": "",
        "birthMsg": {},
        "closeTopic": "",
        "closePayload": "",
        "closeMsg": {},
        "willTopic": "",
        "willQos": "0",
        "willPayload": "",
        "willMsg": {},
        "sessionExpiry": ""
    }
]