[
    {
        "id": "30ba80d859abf75e",
        "type": "tab",
        "label": "Web Conn Source Flow ",
        "disabled": false,
        "info": "",
        "env": []
    },
    {
        "id": "565a5fb3c06089f2",
        "type": "iap-input-sub",
        "z": "30ba80d859abf75e",
        "name": "Senser nvoLightLevel",
        "topic": "glp/+/+/ev/data",
        "broker": "4ca6f236f2c05f3a",
        "datatype": "auto",
        "polling": "10",
        "fixed": true,
        "resolved": false,
        "sflow": false,
        "selecteddp": "[{\"name\":\"nvoLightLevel\",\"type\":\"SNVT_lux\",\"deviceId\":4,\"deviceName\":\"MS-01\",\"blockName\":\"LightSensor\",\"blockIndex\":0,\"dpQualifier\":\"17qam88/lon/3/LightSensor/0/nvoLightLevel\",\"dpQualifier2\":\"SmartServer IoT/lon/MS-01/LightSensor/0/nvoLightLevel\",\"datapointName\":\"nvoLightLevel\",\"datapointType\":\"SNVT_lux\",\"deviceType\":368,\"device\":{\"name\":\"MS-01\",\"category\":\"EDGE\",\"id\":4,\"latitude\":\"NaN\",\"longitude\":\"NaN\",\"capabilities\":{\"replacement\":{},\"commissioning\":{\"commissionMethod\":\"MANUAL\"}},\"floorCoordinates\":{\"floorPlanId\":2943,\"floorId\":2944,\"zoneIds\":[2945],\"x\":283,\"y\":279},\"groupName\":[],\"status\":{\"state\":\"provisioned\",\"health\":\"normal\",\"connection\":\"connected\",\"connectionStatusSince\":\"2022-03-10T14:50:41.624-08:00[America/Los_Angeles]\",\"action\":null,\"product\":\"6kEvbMultiSensor\",\"wasProvisioned\":true,\"createdOnGlp\":true},\"additionalDeviceInfo\":{\"domain\":{\"0\":{\"nodeId\":118,\"subnet\":199,\"domainId\":\"6F\",\"domainLength\":1}},\"BindingConstraints\":\"1\",\"UseExtendedCommandSet\":\"false\"},\"mru\":\"2022-03-16T08:37:50.593574-07:00[America/Los_Angeles]\",\"contexts\":[4],\"scName\":\"SmartServer IoT\",\"segmentPK\":1,\"scId\":\"17qam88\",\"scState\":\"provisioned\",\"uid\":\"00D071125F7A\",\"protocol\":\"lon\",\"typeId\":368,\"createdOnGlp\":true,\"deviceTypeName\":\"6kEvbMultiSensor\",\"gpsEnabled\":false,\"DID\":\"3\"},\"topic\":\"glp/0/17qam88/fb/dev/lon/3/if/LightSensor/0\",\"message\":\"nvoLightLevel/value\",\"context\":{\"id\":4,\"name\":\"Campus / Building / Floor 1 / Entry\",\"description\":null,\"image\":null,\"parentId\":3,\"enabled\":true,\"contextType\":\"ROOM\"}}]",
        "selectedctx": "[]",
        "ctxd": "[]",
        "nodeConfig": "{\"PROTOCOL_ELEMENT\":0,\"DATAPOINT_TYPE_ELEMENT\":0,\"DEVICE_ELEMENT\":0,\"DEVICE_TYPE_ELEMENT\":0,\"CONTEXT_ELEMENT\":0,\"CONTEXT_TYPE_ELEMENT\":0,\"BLOCK_NAME_ELEMENT\":0,\"BLOCK_INDEX_ELEMENT\":0,\"DATAPOINT_NAME_ELEMENT\":\"light\",\"VIEW_ALL_DP_FLAG\":{\"checked\":true}}",
        "getDatapointMessage": {},
        "x": 100,
        "y": 180,
        "wires": [
            [
                "c5c6f3abf57d6165",
                "79b08202da0f2beb"
            ]
        ]
    },
    {
        "id": "c5c6f3abf57d6165",
        "type": "function",
        "z": "30ba80d859abf75e",
        "name": "HTTPS PUT ",
        "func": "var url = \"/node-red/webconn\";\nvar throttleTime = 30; //minmum time between sending unless values changes\nvar ipAddress = \"\";\nvar username = \"\";\nvar password = \"\";\nvar i, j, z = -1, iPtr;\nvar obj;\nvar msg1 = {};\nvar data = {};\nvar dps;\nvar cookie;\nvar serverList = flow.get(\"serverList\"); // SmartServer list\nvar dpList = context.get(\"dpList\"); // datapoint List\nvar d,ms, ms1;\nvar message, sTemp;\nvar bContinue;\nvar iCount = 0;\n\nif(serverList === null) {\n    return; //no servers defined\n}\nelse if(serverList === undefined) {\n    return; //no servers defined\n} \nelse {\n    if(msg.topic.startsWith(\"glp/\")) {\n        // data to dpList\n        d = new Date();\n        ms = d.getTime();\n        message = msg.payload.message;\n        iPtr = message.indexOf(\"/\");\n        if(iPtr > 0) {\n            message = message.substr(0,iPtr);\n        }\n        z= -1;\n        if(dpList === undefined) {\n            dpList = [];\n        }\n        else { \n            for(i=0; i < dpList.length; i++) \n            {\n                if(dpList[i].dp === message) {\n                    z = i;\n                    break;\n                }\n            }\n        }\n        if(z === -1) {\n            obj = {};\n            obj.dp = message;\n            obj.value = JSON.stringify(msg.payload.data);\n            obj.lastSentMs = ms;\n            dpList.push(obj)\n        }\n        else {\n            // throttle if necessary\n            data = JSON.stringify(msg.payload.data);\n            ms1 = ms - dpList[z].lastSentMs;\n            if((dpList[z].value !== data) \n                || (ms1 > (throttleTime * 1000))) {\n                dpList[z].value = JSON.stringify(msg.payload.data);\n                dpList[z].lastSentMs = ms;\n            }\n            else {\n                return null; // too fast - don't update the data\n            }\n        }\n        context.set(\"dpList\", dpList);\n    }\n    for(i=0; i < serverList.length; i++)\n    {\n        if(serverList[i].backoffCount === 0) {\n            ipAddress = serverList[i].ipAddress;    \n            cookie = serverList[i].cookie;\n            if ((cookie === null) || (msg.topic === \"login\") || (msg.topic === \"loginall\")) {\n                if(!serverList[i].bLoginInProgress) {\n                    bContinue = true;\n                    if (msg.topic === \"login\") {\n                        bContinue = false;\n                        if(msg.hasOwnProperty('ipaddress')) {\n                            if(ipAddress == msg.ipaddress)\n                                bContinue = true;\n                        }\n                    }\n                    if(bContinue) {\n                        msg1.method = \"POST\";\n                        msg1.headers = {};\n                        msg1.headers['Content-type'] = \"application/json;chars=utf-8\"; \n                        msg1.rejectUnauthorized = false;\n                        msg1.url = \"https://\" + serverList[i].ipAddress + \"/iap/auth/login\"\n                        msg1.payload = {};\n                        data = {};\n                        data.username = serverList[i].username;\n                        data.password = serverList[i].password;\n                        msg1.payload = JSON.stringify(data);\n                        node.send(msg1);\n                        if(msg.topic === \"login\")\n                            return null; // only one server\n                    }\n                }\n            }\n            else if (msg.topic === \"logout\") {\n                msg1.method = \"POST\";\n                msg1.headers = {};\n                msg1.headers['Content-type'] = \"application/json;chars=utf-8\"; \n                msg1.rejectUnauthorized = false;\n                msg1.url = \"https://\" + serverList[i].ipAddress + \"/iap/auth/logout\"\n                msg1.payload = \"\"; //null;\n                node.send(msg1);\n                return null; // only login out of one\n            }\n             else if (msg.topic === \"resenddata\") {\n                    //may need to resend all data\n                if(serverList[i].ipAddress === msg.ipAddress) {\n                    msg1.method = \"PUT\";\n                    msg1.headers = {};\n                    msg1.headers['Content-type'] = \"application/json;chars=utf-8\";\n                    msg1.headers['cookie'] = cookie;\n                    msg1.rejectUnauthorized = false;\n                    msg1.url = \"https://\" + serverList[i].ipAddress + url;\n                    msg1.payload = {};\n                    dps = [];\n                    for(j=0; j<dpList.length; j++)\n                    {\n                        if(serverList[i].lastSentMs < dpList[j].lastSentMs) {\n                            obj = {}; \n                            obj.dp = dplist[j].dp; // e.g. \"nvoLuxLevel\";\n                            obj.value = dplist[j].value;\n                            dps.push(obj);\n                        }                      \n                    }\n                    if(dps.length > 0) {\n                        msg1.payload.dps = JSON.stringify(dps);\n                        node.send(msg1);\n                        d = new Date();\n                        ms = d.getTime();\n                        serverList[i].lastSentMs = ms;\n                        context.set(\"serverList\", serverList);\n                    }\n                    return null; // only for one server\n                }\n            }\n            else if(msg.topic.startsWith(\"glp/\")) {\n                //datapoint update\n                iCount++;\n                msg1.method = \"PUT\";\n                msg1.headers = {};\n                msg1.headers['Content-type'] = \"application/json\"; //\"application/json;chars=utf-8\";\n                msg1.headers['cookie'] = cookie;\n                msg1.rejectUnauthorized = false;\n                msg1.url = \"https://\" + serverList[i].ipAddress + url;\n                msg1.payload = {};\n                dps = [];\n                obj = {}; \n                obj.dp = message; // e.g. \"nvoLuxLevel\";\n                obj.value = msg.payload.data;\n                dps.push(obj);\n                msg1.payload.dps = JSON.stringify(dps);\n                node.send(msg1);\n                d = new Date();\n                serverList[i].lastSentMs = d;\n                context.set(\"serverList\", serverList);\n            }\n        } //if(serverList[i].backoffCount === 0)\n    }\n    if(iCount === 0) {\n        node.status({fill:\"red\",shape:\"dot\",text:\"all down\"})\n    }\n    else if(iCount === serverList.length) {\n        node.status({fill:\"green\",shape:\"dot\",text:\"all workiing\"})\n    }\n    else {\n        sTemp = (serverList.length - iCount).toString() + \"/\" + serverList.length.toString() + \" down\";\n        node.status({fill:\"yellow\",shape:\"dot\",text:sTemp})\n    }\n}\n\n\n",
        "outputs": 1,
        "noerr": 0,
        "initialize": "// Code added here will be run once\n// whenever the node is started.\nvar list = [\n    \"10.0.0.229,nodered1,nodered\",\n    \"10.0.0.78,nodered1,nodered\"\n];\nvar serverList = [];\nvar obj;\nfor(i=0; i < list.length; i++)\n{\n    list1 = list[i].split(\",\");\n    if(list1.length === 3) {\n        obj = {};\n        obj.ipAddress = list1[0];\n        obj.username = list1[1];\n        obj.password = list1[2];\n        obj.cookie = null;\n        obj.logoutCookie = null;\n        obj.lastValue = null;\n        obj.backoffCount = 0;\n        obj.errorCount = 0;\n        obj.bLogout = false;\n        obj.status = \"login\";\n        obj.lastSentMs = 0;\n        obj.bLoginInProgress = false;\n        serverList.push(obj);\n    }\n}\nflow.set(\"serverList\",serverList);\nnode.status({fill:\"blue\",shape:\"dot\",text:\"initialized\"})",
        "finalize": "",
        "libs": [],
        "x": 430,
        "y": 180,
        "wires": [
            [
                "783794901f4b29d5",
                "330dad15e1686cf9"
            ]
        ],
        "info": "1. url used data transfer is \"/node-red/dp\" \n2. dp names are from msg.payload.message\n3. dp values are from msg.payload.data\n4. dpList maintains a list of dp values\n     - if lose of communcation dp values can be resent after connection \n5. serverList is a list of SmartServers\n     - onStart Tab defines list of SmartServers\n6. Periodically (12 hours) the REST API is re-logged in\n     - Logs into a new session and then logs out of old session\n7. If communication failure, tries three times and then delays before retrying again.\n \n\nWhat needs to be changed\n1. onStart ServerList\n2. optionally change url"
    },
    {
        "id": "783794901f4b29d5",
        "type": "debug",
        "z": "30ba80d859abf75e",
        "name": "PUT function complete msg",
        "active": false,
        "tosidebar": true,
        "console": false,
        "tostatus": false,
        "complete": "true",
        "targetType": "full",
        "statusVal": "",
        "statusType": "auto",
        "x": 720,
        "y": 140,
        "wires": []
    },
    {
        "id": "330dad15e1686cf9",
        "type": "http request",
        "z": "30ba80d859abf75e",
        "name": "Generic Request",
        "method": "use",
        "ret": "obj",
        "paytoqs": "ignore",
        "url": "",
        "tls": "",
        "persist": false,
        "proxy": "",
        "authType": "",
        "senderr": false,
        "x": 730,
        "y": 220,
        "wires": [
            [
                "d7c4fde24e313862",
                "b4612e5fca29e9e2"
            ]
        ]
    },
    {
        "id": "d7c4fde24e313862",
        "type": "debug",
        "z": "30ba80d859abf75e",
        "name": "Generic PUT RESPONSE",
        "active": false,
        "tosidebar": true,
        "console": false,
        "tostatus": false,
        "complete": "true",
        "targetType": "full",
        "statusVal": "",
        "statusType": "auto",
        "x": 1030,
        "y": 140,
        "wires": []
    },
    {
        "id": "b4612e5fca29e9e2",
        "type": "function",
        "z": "30ba80d859abf75e",
        "name": "General HTTPS Response",
        "func": "var serverList = flow.get(\"serverList\");\nvar errPriority = flow.get(\"errPriority\");\nvar cookies, cookie, logoutCookie = null;\nvar responseUrl = msg.responseUrl;\nvar ipAddress;\nvar iPtr, iPtr1;\nvar url = \"\";\nvar i, z = -1\nvar errCountMax = 2;\nvar message = \"\";\nif(msg.topic === \"clearstatus\") {\n    flow.set(\"errPriority\",0);\n    node.status({fill:\"green\",shape:\"dot\",text:\"running\"})\n    return null;\n}\nif(errPriority === undefined) {\n    flow.set(\"errPriority\",0);\n    node.status({fill:\"green\",shape:\"dot\",text:\"running\"})\n}\nif(serverList === null) {\n    return null; // Unknown response\n}\nelse if(serverList === undefined) {\n    return null; // Unknown response\n}\nif(msg.statusCode === \"EHOSTUNREACH\")\n    url = msg.url\nelse\n    url = msg.responseUrl;\n    \n// determine IP address\n\niPtr = url.indexOf(\"//\");\nif(iPtr > 0) {\n    iPtr1 = url.indexOf(\"/\",iPtr + 2);\n    if(iPtr1 > 0) {\n        iPtr += 2;\n        ipAddress = url.substr(iPtr, iPtr1 - iPtr);\n        url = url.substr(iPtr1);\n        \n    }\n    else \n        return; //incorrect info\n}\nelse \n    return; // incorrect info\nfor(i=0; i < serverList.length; i++)\n{\n    if(serverList[i].ipAddress === ipAddress) {\n        z = i;\n        break;\n    }\n}\nif(z === -1)\n    return; // Unknown response\n\nif(msg.statusCode === \"EHOSTUNREACH\") {\n    serverList[i].bLoginInProgress = false;\n    // timeout error\n    serverList[z].errorCount ++;\n    if(serverList[z].errorCount > errCountMax) {\n        serverList[z].backoffCount = 5;\n        flow.set(\"serverList\",serverList);\n        if(errPriority < 2) {\n            flow.set(\"errPriority\",1);\n            node.status({fill:\"red\",shape:\"dot\",text:serverList[z].ipAddress + \"timeout error - too many attempts\"})\n        }\n        node.warn(\"serverList[\" + z + \"].errorCount:\" + serverList[z].errorCount)\n        return null;\n    }\n    else {\n        flow.set(\"serverList\",serverList);\n        node.warn(\"serverList[\" + z + \"].errorCount:\" + serverList[z].errorCount)\n        msg1 = {};\n        msg1.topic = \"resenddata\";\n        if(serverList[z].cookie) {\n            msg1.topic = \"login\";\n        }\n        msg1.index = z;\n        msg1.ipaddress = ipAddress;\n        node.send([null,msg1])\n        return null;\n    }\n    \n}    \n\nelse if((msg.method === \"POST\") && (url === \"/iap/auth/login\")) {\n    // login\n    serverList[z].bLoginInProgress = false;\n    if(msg.statusCode === 200) {\n        if(serverList[z].cookie !== null) {\n            logoutCookie = serverList[z].cookie;\n            serverList[z].logoutCookie = logoutCookie;\n        }\n        cookies = msg.responseCookies;\n        if(cookies.hasOwnProperty('cmsSID')) {\n            cookie = \"cmsSID=\" + cookies['cmsSID'].value;\n            serverList[z].cookie = cookie;\n            serverList[z].backoffCount = 0;\n            serverList[z].errorCount = 0;\n            flow.set(\"serverList\",serverList);\n            msg1 = {};\n            msg1.topic = \"resenddata\";\n            msg1.index = z;\n            msg1.ipaddress = ipAddress;\n            node.send([msg1,null])\n            if(logoutCookie !== null) {\n                msg1 = {};\n                msg1.topic = \"logout\";\n                msg1.ipaddress = serverList[z].ipAddress;\n                node.send([msg1,null])\n            }\n        }\n    }\n    else if (msg.statusCode === 401) {\n        serverList[z].backoffCount = 5;\n        flow.set(\"serverList\",serverList);\n        flow.set(\"errPriority\",3);\n        node.status({fill:\"red\",shape:\"dot\",text:serverList[z].ipAddress + \" wrong password(401)\"})\n    }\n    else if (msg.statusCode === 429) {\n        node.warn(\"statusCode: \" + msg.statusCode);\n        serverList[z].backoffCount = 2;\n        \n        if(typeof msg.payload !== undefined) {\n            if(typeof msg.payload.message !== undefined) {\n                message = msg.payload.message;\n                if(message.startsWith(\"Too many failed login attempts\")){\n                    // most likely at least one with wrong password\n                    serverList[z].backoffCount = 5;\n                    \n                    if(errPriority < 2) {\n                        flow.set(\"errPriority\",2);\n                        node.status({fill:\"red\",shape:\"dot\",text:serverList[z].ipAddress + \" wrong password - too many attempts\"})\n                    }\n                }\n                else {\n                    node.status({fill:\"red\",shape:\"dot\",text:serverList[z].ipAddress + \" reports - sending data too fast\"})\n                }\n            }\n        }\n        flow.set(\"serverList\",serverList);\n    }\n}\nif(url === \"/cms\") {\n    // already logged out - need to login in again\n    serverList[z].cookie = null;\n    serverList[z].backoffCount = 0;\n    serverList[z].errorCount = 0;\n    serverList[z].bLoginInProgress = false;\n    flow.set(\"serverList\",serverList);\n    msg1 = {};\n    msg1.topic = \"login\";\n    msg1.index = z;\n    msg1.ipaddress = ipAddress;\n    node.send([msg1,null])\n}\nelse {\n    \n    //non login packet\n    if(msg.statusCode === 200) {\n        serverList[z].backoffCount = 0;\n        serverList[z].errorCount = 0;\n        flow.set(\"serverList\",serverList);\n        z = 0;\n        for(i=0; i < serverList.length; i++)\n        {\n            if(serverList[i].backoffCount !== 0) {\n                z++;\n            }\n        }\n        if(z === 0) {\n            flow.set(\"errPriority\",0);\n            node.status({fill:\"green\",shape:\"dot\",text:\"running\"});\n        }\n    }\n    else {\n        serverList[z].errorCount ++;\n        if(serverList[z].errorCount > errCountMax) {\n            serverList[z].backoffCount = 5;\n            serverList[z].cookie = null; // need to re-login\n        }\n        flow.set(\"serverList\",serverList);\n    }\n}\n",
        "outputs": 2,
        "noerr": 0,
        "initialize": "",
        "finalize": "",
        "libs": [],
        "x": 1060,
        "y": 220,
        "wires": [
            [
                "c5c6f3abf57d6165"
            ],
            [
                "60fa7768949a5086"
            ]
        ],
        "outputLabels": [
            "general",
            "timeout"
        ]
    },
    {
        "id": "22c1b418324cbc9f",
        "type": "inject",
        "z": "30ba80d859abf75e",
        "name": "Login and Recovery Timer (1 minutes)",
        "props": [
            {
                "p": "payload"
            },
            {
                "p": "topic",
                "vt": "str"
            }
        ],
        "repeat": "",
        "crontab": "*/1 0-23 * * *",
        "once": false,
        "onceDelay": 0.1,
        "topic": "login",
        "payload": "",
        "payloadType": "date",
        "x": 200,
        "y": 380,
        "wires": [
            [
                "84e3c4de5c37de34"
            ]
        ]
    },
    {
        "id": "84e3c4de5c37de34",
        "type": "function",
        "z": "30ba80d859abf75e",
        "name": "re-login (every 12 hours) and recovery",
        "func": "var serverList = flow.get(\"serverList\");\nvar loginCount = context.get(\"loginCount\"); // used for login and recovery time\nvar i,z;\nvar iMaxCount = 720;  //login every 12 hours = 720 min = timer * iMaxCount = 1min * 720\nif(serverList === undefined)\n    return null;\nif((serverList === null) || (serverList.length === 0)) {\n    return null;\n}\nif(msg.topic === \"loginall\") {\n    context.set(\"loginCount\", 0);\n    for(i=0; i < serverList.length;i++)\n    {\n        serverList[i].backoffCount = 0;\n        serverList[i].errorCount ++;\n        serverList[i].bLoginInProgress = false;\n    }\n    flow.set(\"serverList\",serverList);\n    msg = {};\n    msg.topic = \"loginall\";\n    return msg;\n}\n\nif(loginCount === undefined)\n    loginCount = 0;\nloginCount ++;\ncontext.set(\"loginCount\", loginCount);\nif(loginCount >= iMaxCount) {\n    for(i=0; i < serverList.length;i++)\n    {\n        serverList[i].backoffCount = 0;\n        serverList[i].errorCount ++;\n        serverList[i].bLoginInProgress = false;\n    }\n    flow.set(\"serverList\",serverList);\n    msg = {};\n    msg.topic = \"loginall\";\n    return msg;\n}\nelse {\n    // recovery \n    for(i=0; i < serverList.length;i++)\n    {\n        if(serverList[i].backoffCount > 0) {\n            serverList[i].backoffCount --;\n            if(serverList[i].backoffCount <= 0) {\n                if(serverList[i].cookie !== null)\n                    serverList[i].bLogout = true;\n                serverList[i].cookie = null;\n                serverList[i].bLoginInProgress;\n                serverList[i].backoffCount = 0;\n                serverList[i].errorCount = 0;\n                flow.set(\"serverList\",serverList);\n                msg = {};\n                msg.topic = \"login\";\n                msg.ipaddress = serverList[i].ipAddress;\n                node.send(msg);\n            }\n        }\n    }\n}\n",
        "outputs": 1,
        "noerr": 0,
        "initialize": "",
        "finalize": "",
        "libs": [],
        "x": 570,
        "y": 380,
        "wires": [
            [
                "c5c6f3abf57d6165"
            ]
        ]
    },
    {
        "id": "448a49b50e17149f",
        "type": "iap-input-sub",
        "z": "30ba80d859abf75e",
        "name": "MS-01 nvoLamp1",
        "topic": "glp/+/+/ev/data",
        "broker": "4ca6f236f2c05f3a",
        "datatype": "auto",
        "polling": "10",
        "fixed": true,
        "resolved": false,
        "sflow": false,
        "selecteddp": "[{\"name\":\"nvoLampFb\",\"type\":\"SNVT_switch\",\"deviceId\":4,\"deviceName\":\"MS-01\",\"blockName\":\"Lamp\",\"blockIndex\":1,\"dpQualifier\":\"17qam88/lon/3/Lamp/1/nvoLampFb\",\"dpQualifier2\":\"SmartServer IoT/lon/MS-01/Lamp/1/nvoLampFb\",\"datapointName\":\"nvoLampFb\",\"datapointType\":\"SNVT_switch\",\"deviceType\":368,\"device\":{\"name\":\"MS-01\",\"category\":\"EDGE\",\"id\":4,\"latitude\":\"NaN\",\"longitude\":\"NaN\",\"capabilities\":{\"replacement\":{},\"commissioning\":{\"commissionMethod\":\"MANUAL\"}},\"floorCoordinates\":{\"floorPlanId\":2943,\"floorId\":2944,\"zoneIds\":[2945],\"x\":283,\"y\":279},\"groupName\":[],\"status\":{\"state\":\"provisioned\",\"health\":\"normal\",\"connection\":\"connected\",\"connectionStatusSince\":\"2022-03-10T14:50:41.624-08:00[America/Los_Angeles]\",\"action\":null,\"product\":\"6kEvbMultiSensor\",\"wasProvisioned\":true,\"createdOnGlp\":true},\"additionalDeviceInfo\":{\"domain\":{\"0\":{\"nodeId\":118,\"subnet\":199,\"domainId\":\"6F\",\"domainLength\":1}},\"BindingConstraints\":\"1\",\"UseExtendedCommandSet\":\"false\"},\"mru\":\"2022-05-31T06:59:05.42354-07:00[America/Los_Angeles]\",\"contexts\":[4],\"scName\":\"SmartServer IoT\",\"segmentPK\":1,\"scId\":\"17qam88\",\"scState\":\"provisioned\",\"uid\":\"00D071125F7A\",\"protocol\":\"lon\",\"typeId\":368,\"createdOnGlp\":true,\"deviceTypeName\":\"6kEvbMultiSensor\",\"gpsEnabled\":false,\"DID\":\"3\"},\"topic\":\"glp/0/17qam88/fb/dev/lon/3/if/Lamp/1\",\"message\":\"nvoLampFb/value\",\"context\":{\"id\":4,\"name\":\"Campus / Building / Floor 1 / Entry\",\"description\":null,\"image\":null,\"parentId\":3,\"enabled\":true,\"contextType\":\"ROOM\"}}]",
        "selectedctx": "[]",
        "ctxd": "[]",
        "nodeConfig": "{\"PROTOCOL_ELEMENT\":0,\"DATAPOINT_TYPE_ELEMENT\":0,\"DEVICE_ELEMENT\":0,\"DEVICE_TYPE_ELEMENT\":0,\"CONTEXT_ELEMENT\":0,\"CONTEXT_TYPE_ELEMENT\":0,\"BLOCK_NAME_ELEMENT\":0,\"BLOCK_INDEX_ELEMENT\":2,\"DATAPOINT_NAME_ELEMENT\":\"nvoLamp\",\"VIEW_ALL_DP_FLAG\":{\"checked\":true}}",
        "getDatapointMessage": {},
        "x": 130,
        "y": 260,
        "wires": [
            [
                "c5c6f3abf57d6165",
                "79b08202da0f2beb"
            ]
        ]
    },
    {
        "id": "79b08202da0f2beb",
        "type": "debug",
        "z": "30ba80d859abf75e",
        "name": "Datapoints",
        "active": false,
        "tosidebar": true,
        "console": false,
        "tostatus": false,
        "complete": "true",
        "targetType": "full",
        "statusVal": "",
        "statusType": "auto",
        "x": 430,
        "y": 140,
        "wires": []
    },
    {
        "id": "60fa7768949a5086",
        "type": "delay",
        "z": "30ba80d859abf75e",
        "name": "Retry Delay (60s) due to timeout",
        "pauseType": "delay",
        "timeout": "60",
        "timeoutUnits": "seconds",
        "rate": "1",
        "nbRateUnits": "1",
        "rateUnits": "second",
        "randomFirst": "1",
        "randomLast": "5",
        "randomUnits": "seconds",
        "drop": false,
        "allowrate": false,
        "outputs": 1,
        "x": 1080,
        "y": 340,
        "wires": [
            [
                "c5c6f3abf57d6165"
            ]
        ]
    },
    {
        "id": "ef8148599cbb763f",
        "type": "comment",
        "z": "30ba80d859abf75e",
        "name": "Supports Self-signed certificate, need to change for signed certificate ",
        "info": "",
        "x": 880,
        "y": 80,
        "wires": []
    },
    {
        "id": "fe4fc429c3bdb78f",
        "type": "inject",
        "z": "30ba80d859abf75e",
        "name": "Re-login All",
        "props": [
            {
                "p": "payload"
            },
            {
                "p": "topic",
                "vt": "str"
            }
        ],
        "repeat": "",
        "crontab": "",
        "once": false,
        "onceDelay": 0.1,
        "topic": "loginall",
        "payload": "",
        "payloadType": "date",
        "x": 270,
        "y": 340,
        "wires": [
            [
                "84e3c4de5c37de34"
            ]
        ]
    },
    {
        "id": "b842505f38dd9750",
        "type": "comment",
        "z": "30ba80d859abf75e",
        "name": "Note: For power line networks, keep heart beats no faster than every  5 minutes",
        "info": "",
        "x": 320,
        "y": 500,
        "wires": []
    },
    {
        "id": "59944f8bae12bd34",
        "type": "inject",
        "z": "30ba80d859abf75e",
        "name": "",
        "props": [
            {
                "p": "payload"
            },
            {
                "p": "topic",
                "vt": "str"
            }
        ],
        "repeat": "",
        "crontab": "",
        "once": false,
        "onceDelay": 0.1,
        "topic": "clearstatus",
        "payload": "",
        "payloadType": "date",
        "x": 780,
        "y": 300,
        "wires": [
            [
                "b4612e5fca29e9e2"
            ]
        ]
    },
    {
        "id": "79fb12e9d4054636",
        "type": "comment",
        "z": "30ba80d859abf75e",
        "name": "Before HTTPS PUT, you may need to provide a filter for datapoints that change too fast",
        "info": "",
        "x": 300,
        "y": 60,
        "wires": []
    },
    {
        "id": "49ae315cf0a6d014",
        "type": "comment",
        "z": "30ba80d859abf75e",
        "name": "Note: Viewing Datapoints in CMS Datapoint Widget can cause fast updates",
        "info": "",
        "x": 260,
        "y": 100,
        "wires": []
    },
    {
        "id": "4ca6f236f2c05f3a",
        "type": "mqtt-broker",
        "name": "",
        "broker": "127.0.0.1",
        "port": "1883",
        "clientid": "",
        "usetls": false,
        "compatmode": false,
        "keepalive": "60",
        "cleansession": true,
        "birthTopic": "",
        "birthQos": "0",
        "birthPayload": "",
        "closeTopic": "",
        "closeQos": "0",
        "closePayload": "",
        "willTopic": "",
        "willQos": "0",
        "willPayload": ""
    }
]