#filetype,lorawan_xif
#program_ID,9001210A5A04E102
#version,beta
#product_name,Netvox R718N17
#manufacturer,Netvox
#description,XIF for Netvox R718N17
Block Name,Block Index,Datapoint Name,Address,Native Type,IAP Type,IAP Field,Write Enable,Downlink Encoder,Downlink Code,Downlink Port,Downlink String Length,Downlink Binary 0 Constant,Downlink Binary 1 Constant,Precision,Description,Native Value 1,Native Value 2,Scaled Value 1,Scaled Value 2,Range Min,Range Max,ASCII Length
Sensors,0,Battery Voltage,battery,,SNVT_volt_f,,-,,,,,,,,,,,,,,,
Sensors,0,Raw Current,rawcurrentma,,SNVT_amp_f,,-,,,,,,,,,1000,10000,1,10,,,
Sensors,0,Scaled Current,currentma,,SNVT_amp_f,,-,,,,,,,,,1000,10000,1,10,,,
Sensors,0,Current Multiplier,multiplier,,SNVT_count_f,,-,,,,,,,,,,,,,,,
