#filetype,lorawan_xif
#program_ID,9001210A5A04E103
#version,beta
#product_name,Netvox R718E
#manufacturer,Netvox
#description,XIF for Netvox R718E
Block Name,Block Index,Datapoint Name,Address,Native Type,IAP Type,IAP Field,Write Enable,Downlink Encoder,Downlink Code,Downlink Port,Downlink String Length,Downlink Binary 0 Constant,Downlink Binary 1 Constant,Precision,Description,Native Value 1,Native Value 2,Scaled Value 1,Scaled Value 2,Range Min,Range Max,ASCII Length
Sensors,0,Battery Voltage,Volt,,SNVT_volt_f,,-,,,,,,,,,,,,,,,
Sensors,0,Temperature,Temp,,SNVT_temp_f,,-,,,,,,,,,,,,,,,
Sensors,0,Acceleration X,AccelerationX,,float,,-,,,,,,,,,,,,,,,
Sensors,0,Acceleration Y,AccelerationY,,float,,-,,,,,,,,,,,,,,,
Sensors,0,Acceleration Z,AccelerationZ,,float,,-,,,,,,,,,,,,,,,
Sensors,0,Velocity X,VelocityX,,float,,-,,,,,,,,,,,,,,,
Sensors,0,Velocity Y,VelocityY,,float,,-,,,,,,,,,,,,,,,
Sensors,0,Velocity Z,VelocityZ,,float,,-,,,,,,,,,,,,,,,