#filetype,bacnet_type_map,,,,,,,,
#version,beta,,,,,,,,
#product_name,Netvox R718DB,,,,,,,,
#program_id,9001210A5A04E108,,,,,,,,
#manufacturer,Netvox,,,,,,,,
#description,BACnet Type Mapping for Netvox R718DB,,,,,,,,
Block Name,Block Index,Datapoint Name,Address,IAP Type,IAP Field,BACnet Name,BACnet Units,Description,StateTextMap
Sensors,0,Battery Voltage,AI:1,SNVT_volt_f,,Battery Voltage,volts,Battery Voltage (V),
Sensors,0,Vibration Status,BI:1,SNVT_count,,Vibration Status,no-units,Vibration Status,

