#filetype,bacnet_type_map,,,,,,,,
#version,beta,,,,,,,,
#product_name,Netvox R718E,,,,,,,,
#program_id,9001210A5A04E103,,,,,,,,
#manufacturer,Netvox,,,,,,,,
#description,BACnet Type Mapping for Netvox R718E,,,,,,,,
Block Name,Block Index,Datapoint Name,Address,IAP Type,IAP Field,BACnet Name,BACnet Units,Description,StateTextMap
Sensors,0,Battery Voltage,AI:1,SNVT_volt_f,,Battery Voltage,volts,Battery Voltage (V),
Sensors,0,Temperature,AI:2,SNVT_temp_f,,Temperature,degrees-celsius,Temperature (°C),
Sensors,0,Acceleration X,AI:3,float,,Acceleration X,meters-per-second-per-second,Acceleration X (m/s/s),
Sensors,0,Acceleration Y,AI:4,float,,Acceleration Y,meters-per-second-per-second,Acceleration Y (m/s/s),
Sensors,0,Acceleration Z,AI:5,float,,Acceleration Z,meters-per-second-per-second,Acceleration Z (m/s/s),
Sensors,0,Velocity X,AI:6,float,,Velocity X,millimeters-per-second,Velocity X (mm/s),
Sensors,0,Velocity Y,AI:7,float,,Velocity Y,millimeters-per-second,Velocity Y (mm/s),
Sensors,0,Velocity Z,AI:8,float,,Velocity Z,millimeters-per-second,Velocity Z (mm/s),

