#filetype,lorawan_xif,,,,,,,,,,,,,,,,,,,,,
#program_ID,9001210A5A04E109,,,,,,,,,,,,,,,,,,,,,
#version,beta,,,,,,,,,,,,,,,,,,,,,
#product_name,Netvox R313WA,,,,,,,,,,,,,,,,,,,,,
#manufacturer,Netvox,,,,,,,,,,,,,,,,,,,,,
#description,XIF for Netvox R313WA,,,,,,,,,,,,,,,,,,,,,
Block Name,Block Index,Datapoint Name,Address,Native Type,IAP Type,IAP Field,Write Enable,Downlink Encoder,Downlink Code,Downlink Port,Downlink String Length,Downlink Binary 0 Constant,Downlink Binary 1 Constant,Precision,Description,Native Value 1,Native Value 2,Scaled Value 1,Scaled Value 2,Range Min,Range Max,ASCII Length
Sensors,0,Seat 1 Status,Status_1,,SNVT_count,,-,,,,,,,,,,,,,,,
Sensors,0,Seat 2 Status,Status_2,,SNVT_count,,-,,,,,,,,,,,,,,,
Sensors,0,Battery Voltage,Volt,,SNVT_volt_f,,-,,,,,,,,,,,,,,,
