#filetype,lorawan_xif,,,,,,,,,,,,,,,,,,,,,
#program_ID,9001210A5A04E105,,,,,,,,,,,,,,,,,,,,,
#version,beta,,,,,,,,,,,,,,,,,,,,,
#product_name,Netvox R718N315,,,,,,,,,,,,,,,,,,,,,
#manufacturer,Netvox,,,,,,,,,,,,,,,,,,,,,
#description,XIF for Netvox R718N315,,,,,,,,,,,,,,,,,,,,,
Block Name,Block Index,Datapoint Name,Address,Native Type,IAP Type,IAP Field,Write Enable,Downlink Encoder,Downlink Code,Downlink Port,Downlink String Length,Downlink Binary 0 Constant,Downlink Binary 1 Constant,Precision,Description,Native Value 1,Native Value 2,Scaled Value 1,Scaled Value 2,Range Min,Range Max,ASCII Length
Sensors,0,Battery Voltage,Volt,,SNVT_volt_f,,-,,,,,,,,,,,,,,,
Sensors,0,Current Multiplier 1,Multiplier1,,SNVT_count_f,,-,,,,,,,,,,,,,,,
Sensors,0,Current Multiplier 2,Multiplier2,,SNVT_count_f,,-,,,,,,,,,,,,,,,
Sensors,0,Current Multiplier 3,Multiplier3,,SNVT_count_f,,-,,,,,,,,,,,,,,,
Sensors,0,Current 1,Current1,,SNVT_amp_f,,-,,,,,,,,,1000,10000,1,10,,,
Sensors,0,Current 2,Current2,,SNVT_amp_f,,-,,,,,,,,,1000,10000,1,10,,,
Sensors,0,Current 3,Current3,,SNVT_amp_f,,-,,,,,,,,,1000,10000,1,10,,,
