#filetype,bacnet_type_map,,,,,,,,
#version,beta,,,,,,,,
#product_name,Netvox R712,,,,,,,,
#program_id,8001210A5A04E101,,,,,,,,
#manufacturer,Netvox,,,,,,,,
#description,BACnet Type Mapping for Netvox R712,,,,,,,,
Block Name,Block Index,Datapoint Name,Address,IAP Type,IAP Field,BACnet Name,BACnet Units,Description,StateTextMap
Sensors,0,Temperature,AI:1,SNVT_temp_f,,Temperature,degrees-celsius,Temperature (°C),
Sensors,0,Humidity,AI:2,SNVT_lev_cont_f,,Humidity,percent-relative-humidity,Humidity (%RH),
Sensors,0,Battery Voltage,AI:3,SNVT_volt_f,,Battery Voltage,volts,Battery Voltage (V),
