#filetype,bacnet_type_map,,,,,,,,
#version,beta,,,,,,,,
#product_name,Netvox R313WA,,,,,,,,
#program_id,9001210A5A04E109,,,,,,,,
#manufacturer,Netvox,,,,,,,,
#description,BACnet Type Mapping for Netvox R718DB,,,,,,,,
Block Name,Block Index,Datapoint Name,Address,IAP Type,IAP Field,BACnet Name,BACnet Units,Description,StateTextMap
Sensors,0,Status_1,BI:1,SNVT_count,,Seat 1 Status,no-units,Seat 1 Status (0|1),
Sensors,0,Status_2,BI:2,SNVT_count,,Seat 2 Status,no-units,Seat 2 Status (0|1),
Sensors,0,Battery Voltage,AI:1,SNVT_volt_f,,Battery Voltage,volts,Battery Voltage (V),
