#filetype,bacnet_type_map,,,,,,,,
#version,beta,,,,,,,,
#product_name,Netvox R718AD,,,,,,,,
#program_id,9001210A5A04E104,,,,,,,,
#manufacturer,Netvox,,,,,,,,
#description,BACnet Type Mapping for Netvox R718AD,,,,,,,,
Block Name,Block Index,Datapoint Name,Address,IAP Type,IAP Field,BACnet Name,BACnet Units,Description,StateTextMap
Sensors,0,Temperature,AI:1,SNVT_temp_f,,Temperature,degrees-celsius,Temperature (°C),
Sensors,0,Battery Voltage,AI:2,SNVT_volt_f,,Battery Voltage,volts,Battery Voltage (V),
