#filetype,bacnet_type_map,,,,,,,,
#version,beta,,,,,,,,
#product_name,Netvox R718AB,,,,,,,,
#program_id,9001210A5A04E107,,,,,,,,
#manufacturer,Netvox,,,,,,,,
#description,BACnet Type Mapping for Netvox R718AB,,,,,,,,
Block Name,Block Index,Datapoint Name,Address,IAP Type,IAP Field,BACnet Name,BACnet Units,Description,StateTextMap
Sensors,0,Battery Voltage,AI:1,SNVT_volt_f,,Battery Voltage,volts,Battery Voltage (V),
Sensors,0,Humidity,AI:2,SNVT_lev_cont_f,,Humidity,percent-relative-humidity,Relative Humidity(%RH),
Sensors,0,Temperature,AI:3,SNVT_temp_f,,Temperature,degrees-celsius,Temperature (°C),
