#filetype,bacnet_type_map,,,,,,,,
#version,beta,,,,,,,,
#product_name,Netvox R718N17,,,,,,,,
#program_id,9001210A5A04E102,,,,,,,,
#manufacturer,Netvox,,,,,,,,
#description,BACnet Type Mapping for Netvox R718N17,,,,,,,,
Block Name,Block Index,Datapoint Name,Address,IAP Type,IAP Field,BACnet Name,BACnet Units,Description,StateTextMap
Sensors,0,Battery Voltage,AI:1,SNVT_volt_f,,Battery Voltage,volts,Battery Voltage (V),
Sensors,0,Raw Current,AI:2,SNVT_amp_f,,Raw Current,amperes,Raw Current (A),
Sensors,0,Scaled Current,AI:3,SNVT_amp_f,,Scaled Current,amperes,Scaled Current (A),
Sensors,0,Current Multiplier,AI:4,SNVT_count_f,,Current Multiplier,no-units, Current Multiplier,
