#filetype,bacnet_type_map,,,,,,,,
#version,beta,,,,,,,,
#product_name,Netvox R718N37,,,,,,,,
#program_id,9001210A5A04E106,,,,,,,,
#manufacturer,Netvox,,,,,,,,
#description,BACnet Type Mapping for Netvox R718N37,,,,,,,,
Block Name,Block Index,Datapoint Name,Address,IAP Type,IAP Field,BACnet Name,BACnet Units,Description,StateTextMap
Sensors,0,Battery Voltage,AI:1,SNVT_volt_f,,Battery Voltage,volts,Battery Voltage (V),
Sensors,0,Multiplier 1,AI:2,SNVT_count_f,,Current Multiplier 1,no-units, Current Multiplier,
Sensors,0,Multiplier 2,AI:3,SNVT_count_f,,Current Multiplier 2,no-units, Current Multiplier,
Sensors,0,Multiplier 3,AI:4,SNVT_count_f,,Current Multiplier 3,no-units, Current Multiplier,
Sensors,0,Current 1,AI:5,SNVT_amp_f,,Current 1,amperes,Current (A),
Sensors,0,Current 2,AI:6,SNVT_amp_f,,Current 2,amperes,Current (A),
Sensors,0,Current 3,AI:7,SNVT_amp_f,,Current 3,amperes,Current (A),
