#filetype,bacnet_type_map,,,,,,,,
#version,3,,,,,,,,
#product_name,ISDE ISNN-100L,,,,,,,,
#program_id,9002590A5A04E100,,,,,,,,
#manufacturer,Milesight,,,,,,,,
#description,BACnet Type Mapping for ISDE ISNN-100L,,,,,,,,
Block Name,Block Index,Datapoint Name,Address,IAP Type,IAP Field,BACnet Name,BACnet Units,Description,StateTextMap
Actuators,0,Light Level,AO:1,SNVT_lev_cont_f,,Light Level,no-units,Light Level (%),
Sensors,0,Active Power,AI:1,SNVT_power_f,,Active Power,watts,Active Power (W),
Sensors,0,Apparent Power,AI:2,SNVT_count_f,,Apparent Power,volt-amperes,Apparent Power (VA),
Sensors,0,Burn Hours,AI:3,SNVT_count_f,,Burn Hours,hours,Burn Hours (h),
Sensors,0,Energy,AI:4,SNVT_power_f,,Energy,kilowatt-hours,Energy (kW?h),
Sensors,0,Voltage,AI:5,SNVT_volt_f,,Voltage,volts,Voltage (V),
Sys,0,Driver Error,BI:1,boolean,,Driver Error,no-units,Driver Error (true|false),
Sys,0,Lamp Error,BI:2,boolean,,Lamp Error,no-units,Lamp Error (true|false),
