#filetype,lorawan_xif,,,,,,,,,,,,,,,,,,,,,
#program_ID,90FFFF0A5A04E102,,,,,,,,,,,,,,,,,,,,,
#version,beta,,,,,,,,,,,,,,,,,,,,,
#product_name,enLink ENL-STS-DP,,,,,,,,,,,,,,,,,,,,,
#manufacturer,Synetica,,,,,,,,,,,,,,,,,,,,,
#description,XIF for enLink ENL-STS-DP,,,,,,,,,,,,,,,,,,,,,
Block Name,Block Index,Datapoint Name,Address,Native Type,IAP Type,IAP Field,Write Enable,Downlink Encoder,Downlink Code,Downlink Port,Downlink String Length,Downlink Binary 0 Constant,Downlink Binary 1 Constant,Precision,Description,Native Value 1,Native Value 2,Scaled Value 1,Scaled Value 2,Range Min,Range Max,ASCII Length
Sensors,0,Air Flow,af_mps,,SNVT_speed_f,,-,,,,,,,,,,,,,,,
Sensors,0,Battery Voltage,batt_volt,,SNVT_volt_f,,-,,,,,,,,,,,,,,,
Sensors,0,Differential Pressure,dp_pa,,SNVT_press_f,,-,,,,,,,,,,,,,,,
Sensors,0,Humidity,humidity,,SNVT_lev_cont_f,,-,,,,,,,,,,,,,,,
Sensors,0,Temperature,temperature_c,,SNVT_temp_f,,-,,,,,,,,,,,,,,,