#filetype,dla,,,,,,,,,,,,,,,,,,,,,,,,,,,,,,,,,
Protocol,Device Type,Datapoint,Monitored,Monitoring Method,Poll Interval,Publish Interval,Expected Update Interval,Publish Min Delta Time,Publish Min Delta Value,Initial Value,Provision Initial Value,Log Interval 1,Log Interval 2,Log Interval 3,Log 1 Expected Interval,Log 2 Expected Interval,Log 3 Expected Interval,Log Retention 1,Log Retention 2,Log Retention 3,Log Min Delta Time,Log Min Delta Value,Alarm Enabled,Alarm Type Name,Alarm Details,High Warning,Low Warning,High Error,Low Error,Visible,Presets,Localization,Logged,Tags
lorawan,enLink ENL-AIR,Sensors/0/BVOC,Yes,Event-Driven,,,,,any,,,0,0,0,,,,14,60,730,,,No,,,,,,,Yes,,,No,
lorawan,enLink ENL-AIR,Sensors/0/CO2,Yes,Event-Driven,,,,,any,,,0,0,0,,,,14,60,730,,,No,,,,,,,Yes,,,No,
lorawan,enLink ENL-AIR,Sensors/0/CO2 Estimate,Yes,Event-Driven,,,,,any,,,0,0,0,,,,14,60,730,,,No,,,,,,,Yes,,,No,
lorawan,enLink ENL-AIR,Sensors/0/Humidity,Yes,Event-Driven,,,,,any,,,0,0,0,,,,14,60,730,,,No,,,,,,,Yes,,,No,
lorawan,enLink ENL-AIR,Sensors/0/Indoor Air Quality,Yes,Event-Driven,,,,,any,,,0,0,0,,,,14,60,730,,,No,,,,,,,Yes,,,No,
lorawan,enLink ENL-AIR,Sensors/0/Illuminance,Yes,Event-Driven,,,,,any,,,0,0,0,,,,14,60,730,,,No,,,,,,,Yes,,,No,
lorawan,enLink ENL-AIR,Sensors/0/Mass Concentration PM1.0,Yes,Event-Driven,,,,,any,,,0,0,0,,,,14,60,730,,,No,,,,,,,Yes,,,No,
lorawan,enLink ENL-AIR,Sensors/0/Mass Concentration PM2.5,Yes,Event-Driven,,,,,any,,,0,0,0,,,,14,60,730,,,No,,,,,,,Yes,,,No,
lorawan,enLink ENL-AIR,Sensors/0/Mass Concentration PM4.0,Yes,Event-Driven,,,,,any,,,0,0,0,,,,14,60,730,,,No,,,,,,,Yes,,,No,
lorawan,enLink ENL-AIR,Sensors/0/Mass Concentration PM10.0,Yes,Event-Driven,,,,,any,,,0,0,0,,,,14,60,730,,,No,,,,,,,Yes,,,No,
lorawan,enLink ENL-AIR,Sensors/0/Number Concentration PM0.5,Yes,Event-Driven,,,,,any,,,0,0,0,,,,14,60,730,,,No,,,,,,,Yes,,,No,
lorawan,enLink ENL-AIR,Sensors/0/Number Concentration PM1.0,Yes,Event-Driven,,,,,any,,,0,0,0,,,,14,60,730,,,No,,,,,,,Yes,,,No,
lorawan,enLink ENL-AIR,Sensors/0/Number Concentration PM2.5,Yes,Event-Driven,,,,,any,,,0,0,0,,,,14,60,730,,,No,,,,,,,Yes,,,No,
lorawan,enLink ENL-AIR,Sensors/0/Number Concentration PM4.0,Yes,Event-Driven,,,,,any,,,0,0,0,,,,14,60,730,,,No,,,,,,,Yes,,,No,
lorawan,enLink ENL-AIR,Sensors/0/Number Concentration PM10.0,Yes,Event-Driven,,,,,any,,,0,0,0,,,,14,60,730,,,No,,,,,,,Yes,,,No,
lorawan,enLink ENL-AIR,Sensors/0/O2,Yes,Event-Driven,,,,,any,,,0,0,0,,,,14,60,730,,,No,,,,,,,Yes,,,No,
lorawan,enLink ENL-AIR,Sensors/0/Particulate Matter,Yes,Event-Driven,,,,,any,,,0,0,0,,,,14,60,730,,,No,,,,,,,Yes,,,No,
lorawan,enLink ENL-AIR,Sensors/0/Pressure,Yes,Event-Driven,,,,,any,,,0,0,0,,,,14,60,730,,,No,,,,,,,Yes,,,No,
lorawan,enLink ENL-AIR,Sensors/0/Temperature,Yes,Event-Driven,,,,,any,,,0,0,0,,,,14,60,730,,,No,,,,,,,Yes,,,No,
