﻿#filetype,lorawan_xif,,,,,,,,,,,,,,,,,,,,,
#program_ID,90FFFF0A5A04E101,,,,,,,,,,,,,,,,,,,,,
#version,beta,,,,,,,,,,,,,,,,,,,,,
#product_name,ENL-AIR,,,,,,,,,,,,,,,,,,,,,
#manufacturer,enLink,,,,,,,,,,,,,,,,,,,,,
#description,XIF for enLink ENL-AIR,,,,,,,,,,,,,,,,,,,,,
Block Name,Block Index,Datapoint Name,Address,Native Type,IAP Type,IAP Field,Write Enable,Downlink Encoder,Downlink Code,Downlink Port,Downlink String Length,Downlink Binary 0 Constant,Downlink Binary 1 Constant,Precision,Description,Native Value 1,Native Value 2,Scaled Value 1,Scaled Value 2,Range Min,Range Max,ASCII Length
Sensors,0,BVOC,bvoc,,SNVT_ppm_f,,-,,,,,,,,,,,,,,,
Sensors,0,CO2,co2_ppm,,SNVT_ppm_f,,-,,,,,,,,,,,,,,,
Sensors,0,CO2 Estimate,co2e_ppm,,SNVT_ppm_f,,-,,,,,,,,,,,,,,,
Sensors,0,Humidity,humidity,,SNVT_lev_cont_f,,-,,,,,,,,,,,,,,,
Sensors,0,Indoor Air Quality,iaq,,float,,-,,,,,,,,,,,,,,,
Sensors,0,Illuminance,lux,,SNVT_lux,,-,,,,,,,,,,,,,,,
Sensors,0,Mass Concentration PM1.0,mc_pm1_0,,float,,-,,,,,,,,,,,,,,,
Sensors,0,Mass Concentration PM2.5,mc_pm2_5,,float,,-,,,,,,,,,,,,,,,
Sensors,0,Mass Concentration PM4.0,mc_pm4_0,,float,,-,,,,,,,,,,,,,,,
Sensors,0,Mass Concentration PM10.0,mc_pm10_0,,float,,-,,,,,,,,,,,,,,,
Sensors,0,Number Concentration PM0.5,nc_pm0_5,,float,,-,,,,,,,,,,,,,,,
Sensors,0,Number Concentration PM1.0,nc_pm1_0,,float,,-,,,,,,,,,,,,,,,
Sensors,0,Number Concentration PM2.5,nc_pm2_5,,float,,-,,,,,,,,,,,,,,,
Sensors,0,Number Concentration PM4.0,nc_pm4_0,,float,,-,,,,,,,,,,,,,,,
Sensors,0,Number Concentration PM10.0,nc_pm10_0,,float,,-,,,,,,,,,,,,,,,
Sensors,0,O2,o2perc,,SNVT_lev_cont_f,,-,,,,,,,,,,,,,,,
Sensors,0,Particulate Matter,pm_tps,,float,,-,,,,,,,,,,,,,,,
Sensors,0,Pressure,pressure_mbar,,SNVT_press_f,,-,,,,,,,,,10,1000,1000,100000,,,
Sensors,0,Temperature,temperature_c,,SNVT_temp_f,,-,,,,,,,,,,,,,,,
