#filetype,bacnet_type_map,,,,,,,,
#version,beta,,,,,,,,
#product_name,enLink ENL-STS-DP,,,,,,,,
#program_id,90FFFF0A5A04E102,,,,,,,,
#manufacturer,enLink,,,,,,,,
#description,BACnet Type Mapping for enLink ENL-STS-DP,,,,,,,,
Block Name,Block Index,Datapoint Name,Address,IAP Type,IAP Field,BACnet Name,BACnet Units,Description,StateTextMap
Sensors,0,Air Flow,AI:1,SNVT_speed_f,,Air Flow,no-units,Air Flow (m/s),
Sensors,0,Battery Voltage,AI:2,SNVT_volt_f,,Battery Voltage,volts,Battery Voltage (V),
Sensors,0,Differential Pressure,AI:3,SNVT_speed_f,,Differential Pressure,pascals,Differential Pressure (Pa),
Sensors,0,Humidity,AI:4,SNVT_lev_cont_f,,Humidity,percent-relative-humidity,Humidity (%RH),
Sensors,0,Temperature,AI:5,SNVT_temp_f,,Temperature,degrees-celsius,Temperature (°C),
