#filetype,dla
Protocol,Device Type,Datapoint,Monitored,Polled,Poll Interval,Publish Interval,Expected Update Interval,Publish Min Delta Time,Publish Min Delta Value,Initial Value,Log Interval 1,Log Interval 2,Log Interval 3,Log Retention 1,Log Retention 2,Log Retention 3,Log Min Delta Time,Log Min Delta Value,Alarm Name,High Warning,Low Warning,High Error,Low Error,Visible,Presets,Localization,Logged
bacnet,VT7200f5031B-3,device/0/AV:39,Yes,Yes,5.0,,,,,,0.0,0.0,0.0,14,60,730,,,,,,,,Yes,,null,No
bacnet,VT7200f5031B-3,device/0/AV:7,Yes,Yes,5.0,,,,,,0.0,0.0,0.0,14,60,730,,,,,,,,Yes,,null,No
bacnet,VT7200f5031B-3,device/0/BI:29,Yes,Yes,5.0,,,,,,0.0,0.0,0.0,14,60,730,,,,,,,,Yes,,null,No
bacnet,VT7200f5031B-3,device/0/BV:8,Yes,Yes,5.0,,,,,,0.0,0.0,0.0,14,60,730,,,,,,,,Yes,,null,No
bacnet,VT7200f5031B-3,device/0/BV:51,Yes,Yes,5.0,"","","","","",0.0,0.0,0.0,14,60,730,"","","","","","","",Yes,"",null,No