#filetype,lorawan_xif,,,,,,,,,,,,,,,,,,,,,
#program_ID,8002590A5A04E113,,,,,,,,,,,,,,,,,,,,,
#version,beta,,,,,,,,,,,,,,,,,,,,,
#product_name,Milesight UC300,,,,,,,,,,,,,,,,,,,,,
#manufacturer,Milesight,,,,,,,,,,,,,,,,,,,,,
#description,XIF for Milesight UC 300,,,,,,,,,,,,,,,,,,,,,
Block Name,Block Index,Datapoint Name,Address,Native Type,IAP Type,IAP Field,Write Enable,Downlink Encoder,Downlink Code,Downlink Port,Downlink String Length,Downlink Binary 0 Constant,Downlink Binary 1 Constant,Precision,Description,Native Value 1,Native Value 2,Scaled Value 1,Scaled Value 2,Range Min,Range Max,ASCII Length
Relays,0,Relay 1,gpio_out_1,,SNVT_count,,+,,,0x55,,0x070000ff,0x070100ff,,OnOff,,,,,,,
Relays,0,Relay 2,gpio_out_2,,SNVT_count,,+,,,0x55,,0x080000ff,0x080100ff,,OnOff,,,,,,,
DIs,0,DI 1,gpio_in_1,,SNVT_count,,-,,,,,,,,,,,,,,,
DIs,0,DI 2,gpio_in_2,,SNVT_count,,-,,,,,,,,,,,,,,,
DIs,0,DI 3,gpio_in_3,,SNVT_count,,-,,,,,,,,,,,,,,,
DIs,0,DI 4,gpio_in_4,,SNVT_count,,-,,,,,,,,,,,,,,,
Sensors,0,Temperature A,pt100_1,,SNVT_temp_f,,-,,,,,,,,,,,,,,,
Sensors,0,Temperature B,pt100_2,,SNVT_temp_f,,-,,,,,,,,,,,,,,,