#filetype,lorawan_xif,,,,,,,,,,,,,,,,,,,,,
#program_ID,8002590A5A04E112,,,,,,,,,,,,,,,,,,,,,
#version,beta,,,,,,,,,,,,,,,,,,,,,
#product_name,Milesight EM320-TH,,,,,,,,,,,,,,,,,,,,,
#manufacturer,Milesight,,,,,,,,,,,,,,,,,,,,,
#description,XIF for Milesight EM320-TH,,,,,,,,,,,,,,,,,,,,,
Block Name,Block Index,Datapoint Name,Address,Native Type,IAP Type,IAP Field,Write Enable,Downlink Encoder,Downlink Code,Downlink Port,Downlink String Length,Downlink Binary 0 Constant,Downlink Binary 1 Constant,Precision,Description,Native Value 1,Native Value 2,Scaled Value 1,Scaled Value 2,Range Min,Range Max,ASCII Length
Sensors,0,Humidity,humidity,,SNVT_lev_cont_f,,-,,,,,,,,,,,,,,,
Sensors,0,Temperature,temperature,,SNVT_temp_f,,-,,,,,,,,,,,,,,,