#filetype,bacnet_type_map,,,,,,,,
#version,beta,,,,,,,,
#product_name,Milesight AM103,,,,,,,,
#program_id,8002590A5A04E111,,,,,,,,
#manufacturer,Milesight,,,,,,,,
#description,BACnet Type Mapping for Milesight AM103,,,,,,,,
Block Name,Block Index,Datapoint Name,Address,IAP Type,IAP Field,BACnet Name,BACnet Units,Description,StateTextMap
Sensors,0,Battery Level,AI:1,SNVT_lev_cont_f,,Battery Level,no-units,Battery Level (%),
Sensors,0,CO2,AI:2,SNVT_ppm_f,,CO2ppm,parts-per-million,CO2 (ppm),
Sensors,0,Humidity,AI:3,SNVT_lev_cont_f,,Humidity,percent-relative-humidity,Humidity (%RH),
Sensors,0,Temperature,AI:4,SNVT_temp_f,,Temperature,degrees-celsius,Temperature (°C),
