#filetype,dla,,,,,,,,,,,,,,,,,,,,,,,,,,,,,,,,,
Protocol,Device Type,Datapoint,Monitored,Monitoring Method,Poll Interval,Publish Interval,Expected Update Interval,Publish Min Delta Time,Publish Min Delta Value,Initial Value,Provision Initial Value,Log Interval 1,Log Interval 2,Log Interval 3,Log 1 Expected Interval,Log 2 Expected Interval,Log 3 Expected Interval,Log Retention 1,Log Retention 2,Log Retention 3,Log Min Delta Time,Log Min Delta Value,Alarm Enabled,Alarm Type Name,Alarm Details,High Warning,Low Warning,High Error,Low Error,Visible,Presets,Localization,Logged,Tags
lorawan,Milesight UC300,Relays/0/Relay 1,Yes,Event-Driven,,,,,any,,,0,0,0,,,,14,60,730,,,No,,,,,,,Yes,,,No,
lorawan,Milesight UC300,Relays/0/Relay 2,Yes,Event-Driven,,,,,any,,,0,0,0,,,,14,60,730,,,No,,,,,,,Yes,,,No,
lorawan,Milesight UC300,DIs/0/DI 1,Yes,Event-Driven,,,,,any,,,0,0,0,,,,14,60,730,,,No,,,,,,,Yes,,,No,
lorawan,Milesight UC300,DIs/0/DI 2,Yes,Event-Driven,,,,,any,,,0,0,0,,,,14,60,730,,,No,,,,,,,Yes,,,No,
lorawan,Milesight UC300,DIs/0/DI 3,Yes,Event-Driven,,,,,any,,,0,0,0,,,,14,60,730,,,No,,,,,,,Yes,,,No,
lorawan,Milesight UC300,DIs/0/DI 4,Yes,Event-Driven,,,,,any,,,0,0,0,,,,14,60,730,,,No,,,,,,,Yes,,,No,
lorawan,Milesight UC300,Sensors/0/Temperature A,Yes,Event-Driven,,,,,any,,,0,0,0,,,,14,60,730,,,No,,,,,,,Yes,,,No,
lorawan,Milesight UC300,Sensors/0/Temperature B,Yes,Event-Driven,,,,,any,,,0,0,0,,,,14,60,730,,,No,,,,,,,Yes,,,No,
