#filetype,bacnet_type_map,,,,,,,,
#version,beta,,,,,,,,
#product_name,Milesight UC300,,,,,,,,
#program_id,8002590A5A04E113,,,,,,,,
#manufacturer,Milesight,,,,,,,,
#description,BACnet Type Mapping for Milesight UC300,,,,,,,,
Block Name,Block Index,Datapoint Name,Address,IAP Type,IAP Field,BACnet Name,BACnet Units,Description,StateTextMap
Relays,0,Relay 1,B0:1,SNVT_count,,Relay 1,no-units,Relay 1 (0|1),
Relays,0,Relay 2,B0:2,SNVT_count,,Relay 2,no-units,Relay 2 (0|1),
DIs,0,DI 1,BI:1,SNVT_count,,DI 1,no-units,DI 1 (0|1),
DIs,0,DI 2,BI:2,SNVT_count,,DI 2,no-units,DI 2 (0|1),
DIs,0,DI 3,BI:3,SNVT_count,,DI 3,no-units,DI 3 (0|1),
DIs,0,DI 4,BI:4,SNVT_count,,DI 4,no-units,DI 4 (0|1),
Sensors,0,Temperature A,AI:1,SNVT_temp_f,,Temperature A,degrees-celsius,Temperature A (°C),
Sensors,0,Temperature B,AI:2,SNVT_temp_f,,Temperature B,degrees-celsius,Temperature B (°C),
