#filetype,bacnet_type_map,,,,,,,,
#version,beta,,,,,,,,
#product_name,Milesight EM300-TH,,,,,,,,
#program_id,8002590A5A04E110,,,,,,,,
#manufacturer,Milesight,,,,,,,,
#description,BACnet Type Mapping for Milesight EM300-TH,,,,,,,,
Block Name,Block Index,Datapoint Name,Address,IAP Type,IAP Field,BACnet Name,BACnet Units,Description,StateTextMap
Sensors,0,Humidity,AI:1,SNVT_lev_cont_f,,Humidity,percent-relative-humidity,Humidity (%RH),
Sensors,0,Temperature,AI:2,SNVT_temp_f,,Temperature,degrees-celsius,Temperature (°C),
