#filetype,bacnet_type_map,,,,,,,,
#version,beta,,,,,,,,
#product_name,Maddalena SJ EVO,,,,,,,,
#program_id,8000FF0A5A04E100,,,,,,,,
#manufacturer,Maddalena,,,,,,,,
#description,BACnet Type Mapping for Maddalena SJ EVO,,,,,,,,
Block Name,Block Index,Datapoint Name,Address,IAP Type,IAP Field,BACnet Name,BACnet Units,Description,StateTextMap
Sensors,0,Current Volume,AI:1,SNVT_vol_f,,Current Volume,liters,Current Volume (L),
Sensors,0,Backflow,BI:1,SNVT_count,,Backflow,no-units,Backflow (0|1),
Sensors,0,Blocked Meter,BI:2,SNVT_count,,Blocked Meter,no-units,Blocked Meter (0|1),
Sensors,0,Fraud Detected,BI:3,SNVT_count,,Fraud Detected,no-units,Fraud Detected (0|1),
Sensors,0,Low Battery,BI:4,SNVT_count,,Low Battery,no-units,Low Battery (0|1),

