#filetype,lorawan_xif,,,,,,,,,,,,,,,,,,,,,
#program_ID,8000FF0A5A04E100,,,,,,,,,,,,,,,,,,,,,
#version,beta,,,,,,,,,,,,,,,,,,,,,
#product_name,Maddalena SJ EVO,,,,,,,,,,,,,,,,,,,,,
#manufacturer,Maddalena,,,,,,,,,,,,,,,,,,,,,
#description,XIF for Maddalena SJ EVO,,,,,,,,,,,,,,,,,,,,,
Block Name,Block Index,Datapoint Name,Address,Native Type,IAP Type,IAP Field,Write Enable,Downlink Encoder,Downlink Code,Downlink Port,Downlink String Length,Downlink Binary 0 Constant,Downlink Binary 1 Constant,Precision,Description,Native Value 1,Native Value 2,Scaled Value 1,Scaled Value 2,Range Min,Range Max,ASCII Length
Sensors,0,Backflow,backFlow,,SNVT_count,,-,,,,,,,,,,,,,,,
Sensors,0,Blocked Meter,blockedMeter,,SNVT_count,,-,,,,,,,,,,,,,,,
Sensors,0,Current Volume,currentVolume,,SNVT_vol_f,,-,,,,,,,,,,,,,,,
Sensors,0,Fraud Detected,fraudDetected,,SNVT_count,,-,,,,,,,,,,,,,,,
Sensors,0,Low Battery,baterryLow,,SNVT_count,,-,,,,,,,,,,,,,,,

