#filetype,dla,,,,,,,,,,,,,,,,,,,,,,,,,,,,,,,,,
Protocol,Device Type,Datapoint,Monitored,Monitoring Method,Poll Interval,Publish Interval,Expected Update Interval,Publish Min Delta Time,Publish Min Delta Value,Initial Value,Provision Initial Value,Log Interval 1,Log Interval 2,Log Interval 3,Log 1 Expected Interval,Log 2 Expected Interval,Log 3 Expected Interval,Log Retention 1,Log Retention 2,Log Retention 3,Log Min Delta Time,Log Min Delta Value,Alarm Enabled,Alarm Type Name,Alarm Details,High Warning,Low Warning,High Error,Low Error,Visible,Presets,Localization,Logged,Tags
lorawan,ISDE ISNN-100L,Actuators/0/Light Level,Yes,Event-Driven,,,,,any,,,0,0,0,,,,14,60,730,,,No,,,,,,,Yes,,,No,
lorawan,ISDE ISNN-100L,Sensors/0/Active Power,Yes,Event-Driven,,,,,any,,,0,0,0,,,,14,60,730,,,No,,,,,,,Yes,,,No,
lorawan,ISDE ISNN-100L,Sensors/0/Apparent Power,Yes,Event-Driven,,,,,any,,,0,0,0,,,,14,60,730,,,No,,,,,,,Yes,,,No,
lorawan,ISDE ISNN-100L,Sensors/0/Burn Hours,Yes,Event-Driven,,,,,any,,,0,0,0,,,,14,60,730,,,No,,,,,,,Yes,,,No,
lorawan,ISDE ISNN-100L,Sensors/0/Energy,Yes,Event-Driven,,,,,any,,,0,0,0,,,,14,60,730,,,No,,,,,,,Yes,,,No,
lorawan,ISDE ISNN-100L,Sensors/0/Voltage,Yes,Event-Driven,,,,,any,,,0,0,0,,,,14,60,730,,,No,,,,,,,Yes,,,No,
lorawan,ISDE ISNN-100L,Sys/0/Driver Error,Yes,Event-Driven,,,,,any,,,0,0,0,,,,14,60,730,,,No,,,,,,,Yes,,,No,
lorawan,ISDE ISNN-100L,Sys/0/Lamp Error,Yes,Event-Driven,,,,,any,,,0,0,0,,,,14,60,730,,,No,,,,,,,Yes,,,No,
