#filetype,lorawan_xif,,,,,,,,,,,,,,,,,,,,,
#program_ID,9002590A5A04E100,,,,,,,,,,,,,,,,,,,,,
#version,3,,,,,,,,,,,,,,,,,,,,,
#product_name,ISNN-100L,,,,,,,,,,,,,,,,,,,,,
#manufacturer,ISDE,,,,,,,,,,,,,,,,,,,,,
#description,xif for ISDE ISNN-100L,,,,,,,,,,,,,,,,,,,,,
Block Name,Block Index,Datapoint Name,Address,Native Type,IAP Type,IAP Field,Write Enable,Downlink Encoder,Downlink Code,Downlink Port,Downlink String Length,Downlink Binary 0 Constant,Downlink Binary 1 Constant,Precision,Description,Native Value 1,Native Value 2,Scaled Value 1,Scaled Value 2,Range Min,Range Max,ASCII Length
Actuators,0,Light Level,lightLevel,,SNVT_lev_cont_f,,+,python /var/apollo/data/lwd/res/encoder.py {Block Name} {Block Index},,0x02,,,,,,,,,,,,
Sensors,0,Active Power,activePower,,SNVT_power_f,,-,,,,,,,,,,,,,,,
Sensors,0,Apparent Power,apparentPower,,SNVT_count_f,,-,,,,,,,,,,,,,,,
Sensors,0,Burn Hours,burnHours,,SNVT_count_f,,-,,,,,,,,,,,,,,,
Sensors,0,Energy,energy,,SNVT_power_f,,-,,,,,,,,,,,,,,,
Sensors,0,Voltage,voltage,,SNVT_volt_f,,-,,,,,,,,,,,,,,,
Sys,0,Driver Error,driverError,,boolean,,-,,,,,,,,,,,,,,,
Sys,0,Lamp Error,lampError,,boolean,,-,,,,,,,,,,,,,,,
