#filetype,dla,,,,,,,,,,,,,,,,,,,,,,,,,,,,,,,,,
Protocol,Device Type,Datapoint,Monitored,Monitoring Method,Poll Interval,Publish Interval,Expected Update Interval,Publish Min Delta Time,Publish Min Delta Value,Initial Value,Provision Initial Value,Log Interval 1,Log Interval 2,Log Interval 3,Log 1 Expected Interval,Log 2 Expected Interval,Log 3 Expected Interval,Log Retention 1,Log Retention 2,Log Retention 3,Log Min Delta Time,Log Min Delta Value,Alarm Enabled,Alarm Type Name,Alarm Details,High Warning,Low Warning,High Error,Low Error,Visible,Presets,Localization,Logged,Tags
enocean,EMDCA-V3,Illuminance/2/Illuminance,Yes,Event-Driven,,,,,always,,,150,150,150,150,150,150,14,60,730,,,No,,,,,,,Yes,,,No,
enocean,EMDCA-V3,Occupied/3/Occupied,Yes,Event-Driven,,,,,always,,,150,150,150,150,150,150,14,60,730,,,No,,,,,,,Yes,,,No,
enocean,EMDCA-V3,Voltage/1/Voltage,Yes,Event-Driven,,,,,always,,,150,150,150,150,150,150,14,60,730,,,No,,,,,,,Yes,,,No,
