#filetype,dla
Protocol,Device Type,Datapoint,Monitored,Monitoring Method,Poll Interval,Publish Interval,Expected Update Interval,Publish Min Delta Time,Publish Min Delta Value,Initial Value,Provision Initial Value,Log Interval 1,Log Interval 2,Log Interval 3,Log 1 Expected Interval,Log 2 Expected Interval,Log 3 Expected Interval,Log Retention 1,Log Retention 2,Log Retention 3,Log Min Delta Time,Log Min Delta Value,Alarm Enabled,Alarm Type Name,Alarm Details,High Warning,Low Warning,High Error,Low Error,Visible,Presets,Localization,Logged,Tags
enocean,STM550-V3,Acceleration/4/Acceleration Status,Yes,Event-Driven,,,,,always,,,150.0,150.0,150.0,150.0,150.0,150.0,14,60,730,,,No,,,,,,,Yes,,,No,
enocean,STM550-V3,Acceleration/4/Acceleration X,Yes,Event-Driven,,,,,always,,,150.0,150.0,150.0,150.0,150.0,150.0,14,60,730,,,No,,,,,,,Yes,,,No,
enocean,STM550-V3,Acceleration/4/Acceleration Y,Yes,Event-Driven,,,,,always,,,150.0,150.0,150.0,150.0,150.0,150.0,14,60,730,,,No,,,,,,,Yes,,,No,
enocean,STM550-V3,Acceleration/4/Acceleration Z,Yes,Event-Driven,,,,,always,,,150.0,150.0,150.0,150.0,150.0,150.0,14,60,730,,,No,,,,,,,Yes,,,No,
enocean,STM550-V3,Contact State/5/Contact State,Yes,Event-Driven,,,,,always,,,150.0,150.0,150.0,150.0,150.0,150.0,14,60,730,,,No,,,,,,,Yes,,,No,
enocean,STM550-V3,Humidity/2/Humidity,Yes,Event-Driven,,,,,always,,,150.0,150.0,150.0,150.0,150.0,150.0,14,60,730,,,No,,,,,,,Yes,,,No,
enocean,STM550-V3,Illuminance/3/Illuminance,Yes,Event-Driven,,,,,always,,,150.0,150.0,150.0,150.0,150.0,150.0,14,60,730,,,No,,,,,,,Yes,,,No,
enocean,STM550-V3,Temperature/1/Temperature,Yes,Event-Driven,,,,,always,,,150.0,150.0,150.0,150.0,150.0,150.0,14,60,730,,,No,,,,,,,Yes,,,No,
