#filetype,bacnet_type_map,,,,,,,,
#version,beta,,,,,,,,
#product_name,MClimate HT,,,,,,,,
#program_id,8003380A5A04E101,,,,,,,,
#manufacturer,MClimate,,,,,,,,
#description,BACnet Type Mapping for MClimate HT,,,,,,,,
Block Name,Block Index,Datapoint Name,Address,IAP Type,IAP Field,BACnet Name,BACnet Units,Description,StateTextMap
Sensors,0,Battery Voltage,AI:1,SNVT_volt_f,,Battery Voltage,volts,Battery Voltage (V),
Sensors,0,Humidity,AI:2,SNVT_lev_cont_f,,Humidity,percent-relative-humidity,Humidity (%RH),
Sensors,0,Temperature,AI:3,SNVT_temp_f,,Temperature,degrees-celsius,Temperature (°C),
