<?xml version="1.0" encoding="iso-8859-1"?>
<?xml-stylesheet href="http://types.lonmark.org/templates/index.xsl" type="text/xsl"?>
<!-- created by Report Generator 4.41.06 at Sat Aug 17 06:56:24 2019 -->
<ldrf>
	<control>
		<xsl>index.xsl</xsl>
		<self>cps.xml</self>
		<base>C:\Users\robg\Desktop\Training\XML Report</base>
		<folder>9000010600000000-4</folder>
		<standard>http://types.lonmark.org</standard>
		<tools>http://types.lonmark.org/templates</tools>
		<set>Apollodev 90:00:01:06:00:00:00:00-4</set>
		<html>index.html</html>
		<generator>Report Generator 4.41.06</generator>
		<group>Configuration Properties</group>
		<selector>4</selector>
		<data-version>1.07</data-version>
		<format-version>6.00</format-version>
		<timestamp>8/16/2019 16:57:49</timestamp>
		<url>suppport@echelon.com</url>
		<description id="4-1"/>
		<creator id="4-2"/>
	</control>
	<items>
		<cpt id="UCPTmsgDefault" idx="1" stlp_std="no">
			<obsolete>no</obsolete>
			<default>00*31</default>
			<size>31</size>
			<ref href="0000000000000000-0/nvs.xml">SNVT_str_asc</ref>
			<p-name>UCPTmsgDefault</p-name>
			<formats>
				<format id="UCPTmsgDefault">text(&quot;%s&quot;, ascii)</format>
			</formats>
			<refs>
				<ref href="9000010600000000-4/fps.xml">UFPTdisplayController</ref>
				<ref href="9000010600000000-4/fps.xml">UFPTdisplayController2</ref>
			</refs>
		</cpt>
	</items>
	<strings>
		<string id="4-1">This file is a scope 4 type file. It contains user network variable types, configuration property types, and the enumeration types that support them.</string>
		<string id="4-2">This LonMark Device Resource TYP file was created by Echelon Corporation. Contact us at 408-938-5200 or at www.echelon.com on the internet.</string>
	</strings>
</ldrf>
