<?xml version="1.0" encoding="iso-8859-1"?>
<?xml-stylesheet href="http://types.lonmark.org/templates/index.xsl" type="text/xsl"?>
<!-- created by Report Generator 4.41.06 at Sat Aug 17 06:56:24 2019 -->
<ldrf>
	<control>
		<xsl>index.xsl</xsl>
		<self>enums.xml</self>
		<base>C:\Users\robg\Desktop\Training\XML Report</base>
		<folder>9000010600000000-4</folder>
		<standard>http://types.lonmark.org</standard>
		<tools>http://types.lonmark.org/templates</tools>
		<set>Apollodev 90:00:01:06:00:00:00:00-4</set>
		<html>index.html</html>
		<generator>Report Generator 4.41.06</generator>
		<group>Enumerations</group>
		<selector>4</selector>
		<data-version>1.07</data-version>
		<format-version>6.00</format-version>
		<timestamp>8/16/2019 16:57:49</timestamp>
		<url>suppport@echelon.com</url>
		<description id="4-1"/>
		<creator id="4-2"/>
	</control>
</ldrf>
