<?xml version="1.0" encoding="iso-8859-1"?>
<?xml-stylesheet href="http://types.lonmark.org/templates/index.xsl" type="text/xsl"?>
<!-- created by Report Generator 4.41.06 at Mon Jun 28 16:46:06 2021 -->
<ldrf>
	<control>
		<xsl>index.xsl</xsl>
		<self>cps.xml</self>
		<base>C:\Users\rguzikow\OneDrive - Dialog Semiconductor\Documents\Resoure Reports\XML</base>
		<folder>9000010600000000-4</folder>
		<standard>http://types.lonmark.org</standard>
		<tools>http://types.lonmark.org/templates</tools>
		<set>Apollodev 90:00:01:06:00:00:00:00-4</set>
		<html>index.html</html>
		<generator>Report Generator 4.41.06</generator>
		<group>Configuration Properties</group>
		<selector>4</selector>
		<data-version>1.30</data-version>
		<format-version>6.00</format-version>
		<timestamp>6/26/2021 1:18:26</timestamp>
		<url>suppport@echelon.com</url>
		<description id="4-1"/>
		<creator id="4-2"/>
	</control>
	<items>
		<cpt id="UCPTactiveCount" idx="5" stlp_std="no">
			<obsolete>no</obsolete>
			<default>0</default>
			<size>1</size>
			<scalar>
				<nc-type>unsigned short</nc-type>
				<min>0</min>
				<max>255</max>
				<scaling>
					<a>1</a>
					<b>0</b>
					<c>0</c>
					<s>1</s>
				</scaling>
			</scalar>
			<p-name>UCPTactiveCount</p-name>
			<formats>
				<format id="UCPTactiveCount">text(&quot;%d&quot;)</format>
			</formats>
			<refs>
				<ref href="9000010600000000-4/fps.xml">UFPTnodeMonitor2</ref>
			</refs>
		</cpt>
		<cpt id="UCPTdelayWindow" idx="6" stlp_std="no">
			<obsolete>no</obsolete>
			<default>0</default>
			<size>4</size>
			<scalar>
				<nc-type>unsigned quad</nc-type>
				<min>0</min>
				<max>4294967295</max>
				<scaling>
					<a>1</a>
					<b>0</b>
					<c>0</c>
					<s>1</s>
				</scaling>
			</scalar>
			<comment id="4-23"/>
			<unit id="4-24"/>
			<p-name>UCPTdelayWindow</p-name>
			<formats>
				<format id="UCPTdelayWindow">text(&quot;%d&quot;)</format>
			</formats>
			<refs>
				<ref href="9000010600000000-4/fps.xml">UFPTnodeMonitor2</ref>
			</refs>
		</cpt>
		<cpt id="UCPTdestTarget" idx="4" stlp_std="no">
			<obsolete>no</obsolete>
			<default>0 0 0  0</default>
			<size>23</size>
			<ref href="9000010600000000-4/nvs.xml">UNVTdestTarget</ref>
			<p-name>UCPTdestTarget</p-name>
			<formats>
				<format id="UCPTdestTarget">text(&quot;%d %d %d %s %d&quot;,  domain_index, subnet, node, label, handle)</format>
			</formats>
			<refs>
				<ref href="9000010600000000-4/fps.xml">UFPTgasMonitorX2</ref>
			</refs>
		</cpt>
		<cpt id="UCPTmathOp" idx="2" stlp_std="no">
			<obsolete>no</obsolete>
			<default>OP_ADD</default>
			<size>1</size>
			<enum>
				<min>0</min>
				<max>3</max>
				<idx>1</idx>
				<selector>4</selector>
				<ref href="9000010600000000-4/enums.xml">MathOp</ref>
			</enum>
			<p-name>UCPTmathOp</p-name>
			<formats>
				<format id="UCPTmathOp">text(&quot;%m&quot;)</format>
			</formats>
			<refs>
				<ref href="9000010600000000-4/fps.xml">UFPT1controller</ref>
				<ref href="9000010600000000-4/fps.xml">UFPTmathBlock</ref>
			</refs>
		</cpt>
		<cpt id="UCPTmsgDefault" idx="1" stlp_std="no">
			<obsolete>no</obsolete>
			<default>00*31</default>
			<size>31</size>
			<ref href="0000000000000000-0/nvs.xml">SNVT_str_asc</ref>
			<p-name>UCPTmsgDefault</p-name>
			<formats>
				<format id="UCPTmsgDefault">text(&quot;%s&quot;, ascii)</format>
			</formats>
			<refs>
				<ref href="9000010600000000-4/fps.xml">UFPTdisplayController</ref>
				<ref href="9000010600000000-4/fps.xml">UFPTdisplayController2</ref>
			</refs>
		</cpt>
		<cpt id="UCPToccCntlMode" idx="7" stlp_std="no">
			<obsolete>no</obsolete>
			<default>OCC_OCCUP</default>
			<size>1</size>
			<enum>
				<min>0</min>
				<max>2</max>
				<idx>5</idx>
				<selector>4</selector>
				<ref href="9000010600000000-4/enums.xml">oc_cntrl</ref>
			</enum>
			<p-name>UCPToccCntlMode</p-name>
			<formats>
				<format id="UCPToccCntlMode">text(&quot;%m&quot;)</format>
			</formats>
			<refs>
				<ref href="9000010600000000-4/fps.xml">UFPToccSensor2</ref>
				<ref href="9000010600000000-4/fps.xml">UFPToccupancySensor2</ref>
			</refs>
		</cpt>
		<cpt id="UCPTpoint" idx="3" stlp_std="no">
			<obsolete>no</obsolete>
			<default>0 0 0 0 0 0 0 0</default>
			<size>1</size>
			<aggregate cat="struct">
				<members>
					<member>
						<bitfield>
							<signed>no</signed>
							<width>1</width>
							<offset>0</offset>
							<min>0</min>
							<max>1</max>
							<scaling>
								<a>1</a>
								<b>0</b>
								<c>0</c>
								<s>1</s>
							</scaling>
						</bitfield>
						<p-name>A</p-name>
					</member>
					<member>
						<bitfield>
							<signed>no</signed>
							<width>1</width>
							<offset>1</offset>
							<min>0</min>
							<max>1</max>
							<scaling>
								<a>1</a>
								<b>0</b>
								<c>0</c>
								<s>1</s>
							</scaling>
						</bitfield>
						<p-name>B</p-name>
					</member>
					<member>
						<bitfield>
							<signed>no</signed>
							<width>1</width>
							<offset>2</offset>
							<min>0</min>
							<max>1</max>
							<scaling>
								<a>1</a>
								<b>0</b>
								<c>0</c>
								<s>1</s>
							</scaling>
						</bitfield>
						<p-name>C</p-name>
					</member>
					<member>
						<bitfield>
							<signed>no</signed>
							<width>1</width>
							<offset>3</offset>
							<min>0</min>
							<max>1</max>
							<scaling>
								<a>1</a>
								<b>0</b>
								<c>0</c>
								<s>1</s>
							</scaling>
						</bitfield>
						<p-name>D</p-name>
					</member>
					<member>
						<bitfield>
							<signed>no</signed>
							<width>1</width>
							<offset>4</offset>
							<min>0</min>
							<max>1</max>
							<scaling>
								<a>1</a>
								<b>0</b>
								<c>0</c>
								<s>1</s>
							</scaling>
						</bitfield>
						<p-name>E</p-name>
					</member>
					<member>
						<bitfield>
							<signed>no</signed>
							<width>1</width>
							<offset>5</offset>
							<min>0</min>
							<max>1</max>
							<scaling>
								<a>1</a>
								<b>0</b>
								<c>0</c>
								<s>1</s>
							</scaling>
						</bitfield>
						<p-name>F</p-name>
					</member>
					<member>
						<bitfield>
							<signed>no</signed>
							<width>1</width>
							<offset>6</offset>
							<min>0</min>
							<max>1</max>
							<scaling>
								<a>1</a>
								<b>0</b>
								<c>0</c>
								<s>1</s>
							</scaling>
						</bitfield>
						<p-name>G</p-name>
					</member>
					<member>
						<bitfield>
							<signed>no</signed>
							<width>1</width>
							<offset>7</offset>
							<min>0</min>
							<max>1</max>
							<scaling>
								<a>1</a>
								<b>0</b>
								<c>0</c>
								<s>1</s>
							</scaling>
						</bitfield>
						<p-name>H</p-name>
					</member>
				</members>
			</aggregate>
			<p-name>UCPTpoint</p-name>
			<formats>
				<format id="UCPTpoint">text(&quot;%d %d %d %d %d %d %d %d&quot;, A,B,C,D,E,F,G,H)</format>
			</formats>
			<refs>
				<ref href="9000010600000000-4/fps.xml">UFPT1controller</ref>
			</refs>
		</cpt>
	</items>
	<strings>
		<string id="4-1">This file is a scope 4 type file. It contains user network variable types, configuration property types, and the enumeration types that support them.</string>
		<string id="4-2">This LonMark Device Resource TYP file was created by Echelon Corporation. Contact us at 408-938-5200 or at www.echelon.com on the internet.</string>
		<string id="4-23">Random window to and to delay.</string>
		<string id="4-24">ms</string>
	</strings>
</ldrf>
