<?xml version="1.0" encoding="iso-8859-1"?>
<?xml-stylesheet href="http://types.lonmark.org/templates/index.xsl" type="text/xsl"?>
<!-- created by Report Generator 4.41.06 at Mon Jun 28 16:46:06 2021 -->
<ldrf>
	<control>
		<xsl>index.xsl</xsl>
		<self>enums.xml</self>
		<base>C:\Users\rguzikow\OneDrive - Dialog Semiconductor\Documents\Resoure Reports\XML</base>
		<folder>9000010600000000-4</folder>
		<standard>http://types.lonmark.org</standard>
		<tools>http://types.lonmark.org/templates</tools>
		<set>Apollodev 90:00:01:06:00:00:00:00-4</set>
		<html>index.html</html>
		<generator>Report Generator 4.41.06</generator>
		<group>Enumerations</group>
		<selector>4</selector>
		<data-version>1.30</data-version>
		<format-version>6.00</format-version>
		<timestamp>6/26/2021 1:18:26</timestamp>
		<url>suppport@echelon.com</url>
		<description id="4-1"/>
		<creator id="4-2"/>
	</control>
	<items>
		<enumt id="MathOp" idx="1">
			<h-file>MathOp.h</h-file>
			<members>
				<e-member id="MEM_NUL">
					<value>-1</value>
				</e-member>
				<e-member id="OP_ADD">
					<value>0</value>
					<comment id="4-14"/>
				</e-member>
				<e-member id="OP_SUB">
					<value>1</value>
					<comment id="4-15"/>
				</e-member>
				<e-member id="OP_MULT">
					<value>2</value>
					<comment id="4-16"/>
				</e-member>
				<e-member id="OP_DIV">
					<value>3</value>
					<comment id="4-17"/>
				</e-member>
				<e-member id="OP_AND">
					<value>4</value>
					<comment id="4-29"/>
				</e-member>
				<e-member id="OP_OR">
					<value>5</value>
					<comment id="4-30"/>
				</e-member>
			</members>
			<refs>
				<ref href="9000010600000000-4/cps.xml">UCPTmathOp</ref>
			</refs>
		</enumt>
		<enumt id="WaveForms" idx="2">
			<h-file>WaveForms.h</h-file>
			<members>
				<e-member id="MEM_NUL">
					<value>-1</value>
				</e-member>
				<e-member id="WV_SAWTOOTH">
					<value>0</value>
					<comment id="4-18"/>
				</e-member>
				<e-member id="WV_RAMP">
					<value>1</value>
					<comment id="4-19"/>
				</e-member>
				<e-member id="WV_SQUARE">
					<value>2</value>
					<comment id="4-19"/>
				</e-member>
			</members>
		</enumt>
		<enumt id="gmState" idx="4">
			<h-file>gmState.h</h-file>
			<members>
				<e-member id="GMS_NULL">
					<value>-1</value>
				</e-member>
				<e-member id="GMS_PAUSED">
					<value>0</value>
				</e-member>
				<e-member id="GMS_STARTED">
					<value>1</value>
				</e-member>
				<e-member id="Member_2">
					<value>2</value>
				</e-member>
			</members>
		</enumt>
		<enumt id="oc_cntrl" idx="5">
			<h-file>oc_cntrl.h</h-file>
			<members>
				<e-member id="MEM_NUL">
					<value>-1</value>
				</e-member>
				<e-member id="OCC_OCCUP">
					<value>0</value>
					<comment id="4-26"/>
				</e-member>
				<e-member id="OCC_SCENE">
					<value>1</value>
					<comment id="4-27"/>
				</e-member>
				<e-member id="OCC_LEVEL">
					<value>2</value>
					<comment id="4-28"/>
				</e-member>
			</members>
			<refs>
				<ref href="9000010600000000-4/cps.xml">UCPToccCntlMode</ref>
			</refs>
		</enumt>
		<enumt id="pass_t" idx="3">
			<h-file>Mst_enm11.h</h-file>
			<members>
				<e-member id="PASSWORD_ON">
					<value>0</value>
				</e-member>
				<e-member id="PASSWORD_OFF">
					<value>1</value>
				</e-member>
			</members>
			<refs>
				<ref href="9000010600000000-4/nvs.xml">UNVT_FmkSetup</ref>
			</refs>
		</enumt>
	</items>
	<strings>
		<string id="4-1">This file is a scope 4 type file. It contains user network variable types, configuration property types, and the enumeration types that support them.</string>
		<string id="4-2">This LonMark Device Resource TYP file was created by Echelon Corporation. Contact us at 408-938-5200 or at www.echelon.com on the internet.</string>
		<string id="4-14">Add</string>
		<string id="4-15">Subtract</string>
		<string id="4-16">Multiply</string>
		<string id="4-17">Divide</string>
		<string id="4-29">Logical AND.</string>
		<string id="4-30">Logical OR.</string>
		<string id="4-18">Sawtooth</string>
		<string id="4-19">Ramp</string>
		<string id="4-26">Occupancy</string>
		<string id="4-27">Scene</string>
		<string id="4-28">Level</string>
	</strings>
</ldrf>
