<?xml version="1.0" encoding="iso-8859-1"?>
<?xml-stylesheet href="http://types.lonmark.org/templates/index.xsl" type="text/xsl"?>
<!-- created by Report Generator 4.41.06 at Mon Jun 28 16:46:06 2021 -->
<ldrf>
	<control>
		<xsl>index.xsl</xsl>
		<self>nvs.xml</self>
		<base>C:\Users\rguzikow\OneDrive - Dialog Semiconductor\Documents\Resoure Reports\XML</base>
		<folder>9000010600000000-4</folder>
		<standard>http://types.lonmark.org</standard>
		<tools>http://types.lonmark.org/templates</tools>
		<set>Apollodev 90:00:01:06:00:00:00:00-4</set>
		<html>index.html</html>
		<generator>Report Generator 4.41.06</generator>
		<group>Network Variables</group>
		<selector>4</selector>
		<data-version>1.30</data-version>
		<format-version>6.00</format-version>
		<timestamp>6/26/2021 1:18:26</timestamp>
		<url>suppport@echelon.com</url>
		<description id="4-1"/>
		<creator id="4-2"/>
	</control>
	<items>
		<nvt id="UNVT_FmkSetup" idx="5" stlp_std="no">
			<obsolete>no</obsolete>
			<size>29</size>
			<aggregate cat="struct">
				<members>
					<member>
						<scalar>
							<nc-type>signed char</nc-type>
							<min>-128</min>
							<max>127</max>
							<scaling>
								<a>1</a>
								<b>0</b>
								<c>0</c>
								<s>1</s>
							</scaling>
							<array-size>14</array-size>
						</scalar>
						<p-name>location</p-name>
					</member>
					<member>
						<aggregate cat="struct">
							<members>
								<member>
									<scalar>
										<nc-type>unsigned short</nc-type>
										<min>0</min>
										<max>255</max>
										<scaling>
											<a>1</a>
											<b>0</b>
											<c>0</c>
											<s>1</s>
										</scaling>
										<array-size>2</array-size>
									</scalar>
									<p-name>ena</p-name>
								</member>
								<member>
									<scalar>
										<nc-type>unsigned long</nc-type>
										<min>0</min>
										<max>65535</max>
										<scaling>
											<a>1</a>
											<b>0</b>
											<c>0</c>
											<s>1</s>
										</scaling>
										<array-size>2</array-size>
									</scalar>
									<p-name>lev</p-name>
								</member>
								<member>
									<scalar>
										<nc-type>unsigned short</nc-type>
										<min>0</min>
										<max>255</max>
										<scaling>
											<a>1</a>
											<b>0</b>
											<c>0</c>
											<s>1</s>
										</scaling>
										<array-size>2</array-size>
									</scalar>
									<p-name>lat</p-name>
								</member>
								<member>
									<scalar>
										<nc-type>unsigned short</nc-type>
										<min>0</min>
										<max>255</max>
										<scaling>
											<a>1</a>
											<b>0</b>
											<c>0</c>
											<s>1</s>
										</scaling>
										<array-size>2</array-size>
									</scalar>
									<p-name>trig</p-name>
								</member>
							</members>
						</aggregate>
						<p-name>alarm</p-name>
					</member>
					<member>
						<enum>
							<min>0</min>
							<max>1</max>
							<idx>3</idx>
							<selector>4</selector>
							<ref href="9000010600000000-4/enums.xml">pass_t</ref>
						</enum>
						<p-name>security</p-name>
					</member>
					<member>
						<scalar>
							<nc-type>signed char</nc-type>
							<min>-128</min>
							<max>127</max>
							<scaling>
								<a>1</a>
								<b>0</b>
								<c>0</c>
								<s>1</s>
							</scaling>
							<array-size>4</array-size>
						</scalar>
						<p-name>pass</p-name>
					</member>
				</members>
			</aggregate>
			<name id="3-18"/>
			<p-name>UNVT_FmkSetup</p-name>
			<formats>
				<format id="UNVT_FmkSetup">
					text(&quot;%s,%d,%d,%d,%d,%d,%d,%d,%d,%m,%s&quot;,  location, alarm.ena[0], alarm.ena[1], alarm.lev[0], alarm.lev[1], alarm.lat[0], alarm.lat[1], alarm.trig[0], alarm.trig[1], security, pass)
				</format>
			</formats>
			<refs>
				<ref href="9000010600000000-4/fps.xml">UFPTgasMonitorX</ref>
				<ref href="9000010600000000-4/fps.xml">UFPTgasMonitorX2</ref>
				<ref href="9000010600000000-4/fps.xml">UFPTgasSensorSim</ref>
				<ref href="9000010600000000-4/fps.xml">UFPTgasSensorSim2</ref>
				<ref href="9000010600000000-4/fps.xml">UFPTlssMonitor</ref>
			</refs>
		</nvt>
		<nvt id="UNVT_Sensor" idx="3" stlp_std="no">
			<obsolete>no</obsolete>
			<size>27</size>
			<aggregate cat="struct">
				<members>
					<member>
						<scalar>
							<nc-type>unsigned char</nc-type>
							<min>0</min>
							<max>255</max>
							<scaling>
								<a>1</a>
								<b>0</b>
								<c>0</c>
								<s>1</s>
							</scaling>
							<array-size>8</array-size>
						</scalar>
						<p-name>gasname</p-name>
					</member>
					<member>
						<scalar>
							<nc-type>unsigned short</nc-type>
							<min>0</min>
							<max>255</max>
							<scaling>
								<a>1</a>
								<b>0</b>
								<c>0</c>
								<s>1</s>
							</scaling>
						</scalar>
						<p-name>unityp</p-name>
					</member>
					<member>
						<scalar>
							<nc-type>unsigned long</nc-type>
							<min>0</min>
							<max>65535</max>
							<scaling>
								<a>1</a>
								<b>0</b>
								<c>0</c>
								<s>1</s>
							</scaling>
							<array-size>2</array-size>
						</scalar>
						<p-name>partnum</p-name>
					</member>
					<member>
						<scalar>
							<nc-type>signed long</nc-type>
							<min>-32768</min>
							<max>32767</max>
							<scaling>
								<a>1</a>
								<b>0</b>
								<c>0</c>
								<s>1</s>
							</scaling>
						</scalar>
						<p-name>mak_tlv</p-name>
					</member>
					<member>
						<scalar>
							<nc-type>unsigned short</nc-type>
							<min>0</min>
							<max>255</max>
							<scaling>
								<a>1</a>
								<b>0</b>
								<c>0</c>
								<s>1</s>
							</scaling>
						</scalar>
						<p-name>supress</p-name>
					</member>
					<member>
						<scalar>
							<nc-type>signed short</nc-type>
							<min>-128</min>
							<max>127</max>
							<scaling>
								<a>1</a>
								<b>0</b>
								<c>0</c>
								<s>1</s>
							</scaling>
						</scalar>
						<p-name>fraction</p-name>
					</member>
					<member>
						<scalar>
							<nc-type>unsigned long</nc-type>
							<min>0</min>
							<max>65535</max>
							<scaling>
								<a>1</a>
								<b>0</b>
								<c>0</c>
								<s>1</s>
							</scaling>
						</scalar>
						<p-name>sernum</p-name>
					</member>
					<member>
						<aggregate cat="struct">
							<members>
								<member>
									<scalar>
										<nc-type>unsigned short</nc-type>
										<min>0</min>
										<max>255</max>
										<scaling>
											<a>1</a>
											<b>0</b>
											<c>0</c>
											<s>1</s>
										</scaling>
									</scalar>
									<p-name>day</p-name>
								</member>
								<member>
									<scalar>
										<nc-type>unsigned short</nc-type>
										<min>0</min>
										<max>255</max>
										<scaling>
											<a>1</a>
											<b>0</b>
											<c>0</c>
											<s>1</s>
										</scaling>
									</scalar>
									<p-name>month</p-name>
								</member>
								<member>
									<scalar>
										<nc-type>unsigned long</nc-type>
										<min>0</min>
										<max>65535</max>
										<scaling>
											<a>1</a>
											<b>0</b>
											<c>0</c>
											<s>1</s>
										</scaling>
									</scalar>
									<p-name>year</p-name>
								</member>
							</members>
						</aggregate>
						<p-name>firstcal</p-name>
					</member>
					<member>
						<scalar>
							<nc-type>unsigned long</nc-type>
							<min>0</min>
							<max>65535</max>
							<scaling>
								<a>1</a>
								<b>0</b>
								<c>0</c>
								<s>1</s>
							</scaling>
						</scalar>
						<p-name>sensity</p-name>
					</member>
					<member>
						<scalar>
							<nc-type>unsigned short</nc-type>
							<min>0</min>
							<max>255</max>
							<scaling>
								<a>1</a>
								<b>0</b>
								<c>0</c>
								<s>1</s>
							</scaling>
						</scalar>
						<p-name>amplqual</p-name>
					</member>
					<member>
						<scalar>
							<nc-type>unsigned short</nc-type>
							<min>0</min>
							<max>255</max>
							<scaling>
								<a>1</a>
								<b>0</b>
								<c>0</c>
								<s>1</s>
							</scaling>
						</scalar>
						<p-name>gradqual</p-name>
					</member>
				</members>
			</aggregate>
			<name id="3-7"/>
			<p-name>UNVT_Sensor</p-name>
			<formats>
				<format id="UNVT_Sensor">
					text(&quot;%s,%d,%d,%d,%d,%d,%d,%d,%d,%d,%d,%d,%d,%d&quot;,  gasname, unityp, partnum[0], partnum[1], mak_tlv, supress, fraction, sernum, firstcal.day, firstcal.month, firstcal.year, sensity, amplqual, gradqual)
				</format>
			</formats>
			<refs>
				<ref href="9000010600000000-4/fps.xml">UFPTgasMonitorX</ref>
				<ref href="9000010600000000-4/fps.xml">UFPTgasMonitorX2</ref>
				<ref href="9000010600000000-4/fps.xml">UFPTgasSensorSim</ref>
				<ref href="9000010600000000-4/fps.xml">UFPTgasSensorSim2</ref>
				<ref href="9000010600000000-4/fps.xml">UFPTlssMonitor</ref>
			</refs>
		</nvt>
		<nvt id="UNVTdataAll" idx="1" stlp_std="no">
			<obsolete>no</obsolete>
			<size>18</size>
			<aggregate cat="struct">
				<members>
					<member>
						<scalar>
							<nc-type>unsigned quad</nc-type>
							<min>0</min>
							<max>4294967295</max>
							<scaling>
								<a>1</a>
								<b>0</b>
								<c>0</c>
								<s>1</s>
							</scaling>
							<array-size>4</array-size>
						</scalar>
						<p-name>counter</p-name>
					</member>
					<member>
						<scalar>
							<nc-type>unsigned long</nc-type>
							<min>0</min>
							<max>65535</max>
							<scaling>
								<a>1</a>
								<b>0</b>
								<c>0</c>
								<s>1</s>
							</scaling>
						</scalar>
						<p-name>faultCounter</p-name>
					</member>
				</members>
			</aggregate>
			<p-name>UNVTdataAll</p-name>
			<formats>
				<format id="UNVTdataAll">text(&quot;%d %d %d %d %d&quot;,  counter[0], counter[1], counter[2], counter[3], faultCounter)</format>
			</formats>
			<refs>
				<ref href="9000010600000000-4/fps.xml">UFPTnodeModel</ref>
				<ref href="9000010600000000-4/fps.xml">UFPTnodeModelMonitor</ref>
				<ref href="9000010600000000-4/fps.xml">UFPTnodeMonitor2</ref>
			</refs>
		</nvt>
		<nvt id="UNVTdestTarget" idx="8" stlp_std="no">
			<obsolete>no</obsolete>
			<size>23</size>
			<aggregate cat="struct">
				<members>
					<member>
						<scalar>
							<nc-type>unsigned short</nc-type>
							<min>0</min>
							<max>255</max>
							<scaling>
								<a>1</a>
								<b>0</b>
								<c>0</c>
								<s>1</s>
							</scaling>
						</scalar>
						<p-name>domain_index</p-name>
					</member>
					<member>
						<scalar>
							<nc-type>unsigned short</nc-type>
							<min>0</min>
							<max>255</max>
							<scaling>
								<a>1</a>
								<b>0</b>
								<c>0</c>
								<s>1</s>
							</scaling>
						</scalar>
						<p-name>subnet</p-name>
					</member>
					<member>
						<scalar>
							<nc-type>unsigned short</nc-type>
							<min>0</min>
							<max>255</max>
							<scaling>
								<a>1</a>
								<b>0</b>
								<c>0</c>
								<s>1</s>
							</scaling>
						</scalar>
						<p-name>node</p-name>
					</member>
					<member>
						<scalar>
							<nc-type>unsigned char</nc-type>
							<min>0</min>
							<max>255</max>
							<scaling>
								<a>1</a>
								<b>0</b>
								<c>0</c>
								<s>1</s>
							</scaling>
							<array-size>16</array-size>
						</scalar>
						<p-name>label</p-name>
					</member>
					<member>
						<scalar>
							<nc-type>unsigned quad</nc-type>
							<min>0</min>
							<max>4294967295</max>
							<scaling>
								<a>1</a>
								<b>0</b>
								<c>0</c>
								<s>1</s>
							</scaling>
						</scalar>
						<p-name>handle</p-name>
					</member>
				</members>
			</aggregate>
			<p-name>UNVTdestTarget</p-name>
			<formats>
				<format id="UNVTdestTarget">
					text(&quot;%d %d %d %d %d %d %d %d %d %d %d %d %d %d %d %d %d %d %d %d&quot;,  domain_index, subnet, node, label[0], label[1], label[2], label[3], label[4], label[5], label[6], label[7], label[8], label[9], label[10], label[11], label[12], label[13], label[14], label[15], handle)
				</format>
			</formats>
			<refs>
				<ref href="9000010600000000-4/cps.xml">UCPTdestTarget</ref>
			</refs>
		</nvt>
		<nvt id="UNVTdevHandle" idx="2" stlp_std="no">
			<obsolete>no</obsolete>
			<size>31</size>
			<aggregate cat="struct">
				<members>
					<member>
						<scalar>
							<nc-type>unsigned short</nc-type>
							<min>0</min>
							<max>255</max>
							<scaling>
								<a>1</a>
								<b>0</b>
								<c>0</c>
								<s>1</s>
							</scaling>
						</scalar>
						<p-name>index</p-name>
					</member>
					<member>
						<scalar>
							<nc-type>unsigned char</nc-type>
							<min>0</min>
							<max>255</max>
							<scaling>
								<a>1</a>
								<b>0</b>
								<c>0</c>
								<s>1</s>
							</scaling>
							<array-size>30</array-size>
						</scalar>
						<p-name>devHandle</p-name>
					</member>
				</members>
			</aggregate>
			<p-name>UNVTdevHandle</p-name>
			<formats>
				<format id="UNVTdevHandle">
					text(&quot;%d %d %d %d %d %d %d %d %d %d %d %d %d %d %d %d %d %d %d %d %d %d %d %d %d %d %d %d %d %d %d&quot;,  index, devHandle[0], devHandle[1], devHandle[2], devHandle[3], devHandle[4], devHandle[5], devHandle[6], devHandle[7], devHandle[8], devHandle[9], devHandle[10], devHandle[11], devHandle[12], devHandle[13], devHandle[14], devHandle[15], devHandle[16], devHandle[17], devHandle[18], devHandle[19], devHandle[20], devHandle[21], devHandle[22], devHandle[23], devHandle[24], devHandle[25], devHandle[26], devHandle[27], devHandle[28], devHandle[29])
				</format>
			</formats>
			<refs>
				<ref href="9000010600000000-4/fps.xml">UFPTDspSPcontroller</ref>
			</refs>
		</nvt>
		<nvt id="UNVTfieldCsv" idx="7" stlp_std="no">
			<obsolete>no</obsolete>
			<size>200</size>
			<aggregate cat="struct">
				<members>
					<member>
						<scalar>
							<nc-type>unsigned char</nc-type>
							<min>0</min>
							<max>255</max>
							<scaling>
								<a>1</a>
								<b>0</b>
								<c>0</c>
								<s>1</s>
							</scaling>
							<array-size>200</array-size>
						</scalar>
						<p-name>valStr</p-name>
					</member>
				</members>
			</aggregate>
			<p-name>UNVTfieldCsv</p-name>
			<formats>
				<format id="UNVTfieldCsv">text(&quot;%d %d %d  ... %d %d %d&quot;,  valStr[0], valStr[1], valStr[2], valStr[197], valStr[198], valStr[199])</format>
			</formats>
			<refs>
				<ref href="9000010600000000-4/fps.xml">UFPTgasMonitorX2</ref>
			</refs>
		</nvt>
		<nvt id="UNVTfixed1" idx="4" stlp_std="no">
			<obsolete>no</obsolete>
			<size>2</size>
			<scalar>
				<nc-type>signed long</nc-type>
				<min>-32768</min>
				<max>32767</max>
				<scaling>
					<a>1</a>
					<b>-1</b>
					<c>0</c>
					<s>0.1</s>
				</scaling>
			</scalar>
			<comment id="4-31"/>
			<p-name>UNVTfixed1</p-name>
			<formats>
				<format id="UNVTfixed1">text(&quot;%f&quot;)</format>
			</formats>
		</nvt>
		<nvt id="UNVTfixed2" idx="10" stlp_std="no">
			<obsolete>no</obsolete>
			<size>2</size>
			<scalar>
				<nc-type>signed long</nc-type>
				<min>-32768</min>
				<max>32767</max>
				<scaling>
					<a>1</a>
					<b>-2</b>
					<c>0</c>
					<s>0.01</s>
				</scaling>
			</scalar>
			<comment id="4-32"/>
			<p-name>UNVTfixed2</p-name>
			<formats>
				<format id="UNVTfixed2">text(&quot;%f&quot;)</format>
			</formats>
		</nvt>
		<nvt id="UNVTfixed3" idx="11" stlp_std="no">
			<obsolete>no</obsolete>
			<size>2</size>
			<scalar>
				<nc-type>signed long</nc-type>
				<min>-32768</min>
				<max>32767</max>
				<scaling>
					<a>5</a>
					<b>-3</b>
					<c>0</c>
					<s>0.005</s>
				</scaling>
			</scalar>
			<comment id="4-33"/>
			<p-name>UNVTfixed3</p-name>
			<formats>
				<format id="UNVTfixed3">text(&quot;%f&quot;)</format>
			</formats>
		</nvt>
		<nvt id="UNVTmsgData" idx="6" stlp_std="no">
			<obsolete>no</obsolete>
			<size>42</size>
			<aggregate cat="struct">
				<members>
					<member>
						<scalar>
							<nc-type>unsigned short</nc-type>
							<min>0</min>
							<max>255</max>
							<scaling>
								<a>1</a>
								<b>0</b>
								<c>0</c>
								<s>1</s>
							</scaling>
							<array-size>42</array-size>
						</scalar>
						<p-name>rawMsg</p-name>
					</member>
				</members>
			</aggregate>
			<p-name>UNVTmsgData</p-name>
			<formats>
				<format id="UNVTmsgData">
					text(&quot;%d %d %d %d %d %d %d %d %d %d %d %d %d %d %d %d %d %d %d %d %d %d %d %d %d %d %d %d %d %d %d %d %d %d %d %d %d %d %d %d %d %d&quot;,  rawMsg[0], rawMsg[1], rawMsg[2], rawMsg[3], rawMsg[4], rawMsg[5], rawMsg[6], rawMsg[7], rawMsg[8], rawMsg[9], rawMsg[10], rawMsg[11], rawMsg[12], rawMsg[13], rawMsg[14], rawMsg[15], rawMsg[16], rawMsg[17], rawMsg[18], rawMsg[19], rawMsg[20], rawMsg[21], rawMsg[22], rawMsg[23], rawMsg[24], rawMsg[25], rawMsg[26], rawMsg[27], rawMsg[28], rawMsg[29], rawMsg[30], rawMsg[31], rawMsg[32], rawMsg[33], rawMsg[34], rawMsg[35], rawMsg[36], rawMsg[37], rawMsg[38], rawMsg[39], rawMsg[40], rawMsg[41])
				</format>
			</formats>
			<refs>
				<ref href="9000010600000000-4/fps.xml">UFPTgasMonitorX</ref>
				<ref href="9000010600000000-4/fps.xml">UFPTgasMonitorX2</ref>
			</refs>
		</nvt>
		<nvt id="UNVTsetbackMinutes" idx="9" stlp_std="no">
			<obsolete>no</obsolete>
			<size>4</size>
			<scalar>
				<nc-type>unsigned quad</nc-type>
				<min>0</min>
				<max>4294967295</max>
				<scaling>
					<a>1</a>
					<b>0</b>
					<c>0</c>
					<s>1</s>
				</scaling>
			</scalar>
			<unit id="4-25"/>
			<p-name>UNVTsetbackMinutes</p-name>
			<formats>
				<format id="UNVTsetbackMinutes">text(&quot;%d&quot;)</format>
			</formats>
			<refs>
				<ref href="9000010600000000-4/fps.xml">UFPToccSensor2</ref>
				<ref href="9000010600000000-4/fps.xml">UFPToccupancySensor2</ref>
			</refs>
		</nvt>
	</items>
	<strings>
		<string id="4-1">This file is a scope 4 type file. It contains user network variable types, configuration property types, and the enumeration types that support them.</string>
		<string id="4-2">This LonMark Device Resource TYP file was created by Echelon Corporation. Contact us at 408-938-5200 or at www.echelon.com on the internet.</string>
		<string id="3-18">Scaling data.</string>
		<string id="3-7">Boolean</string>
		<string id="4-31">0.1 unit step.</string>
		<string id="4-32">0.01 unit step.</string>
		<string id="4-33">0.005 unit step.</string>
		<string id="4-25">minutes</string>
	</strings>
</ldrf>
