#filetype,lorawan_xif,,,,,,,,,,,,,,,,,,,,,
#program_ID,9002C40A5204E100,,,,,,,,,,,,,,,,,,,,,
#version,beta,,,,,,,,,,,,,,,,,,,,,
#product_name,IMBuildings People Counter,,,,,,,,,,,,,,,,,,,,,
#manufacturer,IMBuildings,,,,,,,,,,,,,,,,,,,,,
#description,XIF for IMBuildings People Counter,,,,,,,,,,,,,,,,,,,,,
Block Name,Block Index,Datapoint Name,Address,Native Type,IAP Type,IAP Field,Write Enable,Downlink Encoder,Downlink Code,Downlink Port,Downlink String Length,Downlink Binary 0 Constant,Downlink Binary 1 Constant,Precision,Description,Native Value 1,Native Value 2,Scaled Value 1,Scaled Value 2,Range Min,Range Max,ASCII Length
Sensors,0,Battery Voltage,battery_voltage,,SNVT_volt_f,,-,,,,,,,,,,,,,,,
Sensors,0,People Count A,counter_a,,SNVT_count_32,,-,,,,,,,,,,,,,,,
Sensors,0,People Count B,counter_b,,SNVT_count_32,,-,,,,,,,,,,,,,,,
Sensors,0,People Count A Total,total_counter_a,,SNVT_count_32,,-,,,,,,,,,,,,,,,
Sensors,0,People Count B Total,total_counter_b,,SNVT_count_32,,-,,,,,,,,,,,,,,,