#filetype,bacnet_type_map,,,,,,,,
#version,beta,,,,,,,,
#product_name,IMBuildings People Counter,,,,,,,,
#program_id,9002C40A5204E100,,,,,,,,
#manufacturer,IMBuildings,,,,,,,,
#description,BACnet Type Mapping for IMBuildings People Counter,,,,,,,,
Block Name,Block Index,Datapoint Name,Address,IAP Type,IAP Field,BACnet Name,BACnet Units,Description,StateTextMap
Sensors,0,Battery Voltage,AI:1,SNVT_lev_cont_f,,Battery Voltage,volts,Battery Voltage (V),
Sensors,0,People Count A,AI:2,SNVT_count_32,,People Count A,no-units,People Count A (number),
Sensors,0,People Count B,AI:3,SNVT_count_32,,People Count B,no-units,People Count B (number),
Sensors,0,People Count A Total,AI:4,SNVT_count_32,,People Count A Total,no-units,People Count A Total (number),
Sensors,0,People Count B Total,AI:5,SNVT_count_32,,People Count B Total,no-units,People Count B Total (number),